encoder,identity_id,condition,rank1_identity_balanced,margin_identity
AdaFace IR-50 MS1MV2,F_01,A0_B0_C0,1.0,0.23558989128064284
AdaFace IR-50 MS1MV2,F_02,A0_B0_C0,1.0,0.269537698789335
AdaFace IR-50 MS1MV2,F_03,A0_B0_C0,1.0,0.12711258447428259
AdaFace IR-50 MS1MV2,F_04,A0_B0_C0,1.0,0.35221938729727126
AdaFace IR-50 MS1MV2,F_08,A0_B0_C0,1.0,0.2003704728994803
AdaFace IR-50 MS1MV2,F_09,A0_B0_C0,1.0,0.21425230313848959
AdaFace IR-50 MS1MV2,F_10,A0_B0_C0,1.0,0.18649627125413049
AdaFace IR-50 MS1MV2,F_13,A0_B0_C0,1.0,0.18284784729264908
AdaFace IR-50 MS1MV2,F_14,A0_B0_C0,1.0,0.18035810731657942
AdaFace IR-50 MS1MV2,F_16,A0_B0_C0,1.0,0.23738400989794683
AdaFace IR-50 MS1MV2,F_17,A0_B0_C0,1.0,0.20833054544318153
AdaFace IR-50 MS1MV2,F_18,A0_B0_C0,1.0,0.12114541355608954
AdaFace IR-50 MS1MV2,F_19,A0_B0_C0,1.0,0.12642246166243365
AdaFace IR-50 MS1MV2,F_20,A0_B0_C0,1.0,0.2679691219778253
AdaFace IR-50 MS1MV2,F_21,A0_B0_C0,1.0,0.08474678913389988
AdaFace IR-50 MS1MV2,F_22,A0_B0_C0,1.0,0.15696013653278773
AdaFace IR-50 MS1MV2,F_23,A0_B0_C0,1.0,0.09123227703424108
AdaFace IR-50 MS1MV2,F_24,A0_B0_C0,1.0,0.24011824852534552
AdaFace IR-50 MS1MV2,F_25,A0_B0_C0,1.0,0.13341175435710717
AdaFace IR-50 MS1MV2,F_26,A0_B0_C0,1.0,0.15615647278080952
AdaFace IR-50 MS1MV2,F_27,A0_B0_C0,1.0,0.1911296064474588
AdaFace IR-50 MS1MV2,F_28,A0_B0_C0,1.0,0.27527060611866083
AdaFace IR-50 MS1MV2,F_29,A0_B0_C0,1.0,0.2585349693540809
AdaFace IR-50 MS1MV2,F_30,A0_B0_C0,1.0,0.15311112834665996
AdaFace IR-50 MS1MV2,F_31,A0_B0_C0,1.0,0.3280889498882664
AdaFace IR-50 MS1MV2,M_01,A0_B0_C0,1.0,0.15532332508396218
AdaFace IR-50 MS1MV2,M_02,A0_B0_C0,1.0,0.4127958938402822
AdaFace IR-50 MS1MV2,M_03,A0_B0_C0,1.0,0.18663909601010775
AdaFace IR-50 MS1MV2,M_04,A0_B0_C0,1.0,0.15209533553831756
AdaFace IR-50 MS1MV2,M_05,A0_B0_C0,1.0,0.1837520337746864
AdaFace IR-50 MS1MV2,M_07,A0_B0_C0,1.0,0.16029671414276842
AdaFace IR-50 MS1MV2,M_08,A0_B0_C0,1.0,0.19965247472394382
AdaFace IR-50 MS1MV2,M_09,A0_B0_C0,1.0,0.3950803988331924
AdaFace IR-50 MS1MV2,M_10,A0_B0_C0,1.0,0.2857963399797291
AdaFace IR-50 MS1MV2,M_11,A0_B0_C0,1.0,0.26166325185148115
AdaFace IR-50 MS1MV2,M_12,A0_B0_C0,1.0,0.25060061152334834
AdaFace IR-50 MS1MV2,M_14,A0_B0_C0,1.0,0.26234373034534036
AdaFace IR-50 MS1MV2,M_15,A0_B0_C0,1.0,0.2408385652891349
AdaFace IR-50 MS1MV2,M_16,A0_B0_C0,1.0,0.2390121226802736
AdaFace IR-50 MS1MV2,M_17,A0_B0_C0,1.0,0.33065712246597223
AdaFace IR-50 MS1MV2,M_19,A0_B0_C0,1.0,0.26108254136658304
AdaFace IR-50 MS1MV2,M_20,A0_B0_C0,1.0,0.20208626588389927
AdaFace IR-50 MS1MV2,M_21,A0_B0_C0,0.0,-0.09568382452987523
AdaFace IR-50 MS1MV2,M_24,A0_B0_C0,1.0,0.27677645270350787
AdaFace IR-50 MS1MV2,M_25,A0_B0_C0,1.0,0.2898385327766786
AdaFace IR-50 MS1MV2,M_26,A0_B0_C0,1.0,0.29826247212013846
AdaFace IR-50 MS1MV2,M_27,A0_B0_C0,1.0,0.24432803619369176
AdaFace IR-50 MS1MV2,M_28,A0_B0_C0,1.0,0.21737458542639626
AdaFace IR-50 MS1MV2,M_30,A0_B0_C0,1.0,0.26350975990552855
AdaFace IR-50 MS1MV2,M_31,A0_B0_C0,1.0,0.22126441624175913
AdaFace IR-50 MS1MV2,F_01,A1,1.0,0.2777830835773197
AdaFace IR-50 MS1MV2,F_02,A1,1.0,0.315879960542149
AdaFace IR-50 MS1MV2,F_03,A1,1.0,0.1461437870069382
AdaFace IR-50 MS1MV2,F_04,A1,1.0,0.3962991602971365
AdaFace IR-50 MS1MV2,F_08,A1,1.0,0.223377663943884
AdaFace IR-50 MS1MV2,F_09,A1,1.0,0.28012708334024083
AdaFace IR-50 MS1MV2,F_10,A1,1.0,0.2225363927823484
AdaFace IR-50 MS1MV2,F_13,A1,1.0,0.24695073681867907
AdaFace IR-50 MS1MV2,F_14,A1,1.0,0.20125574074696628
AdaFace IR-50 MS1MV2,F_16,A1,1.0,0.28778157961754564
AdaFace IR-50 MS1MV2,F_17,A1,1.0,0.26589025323600435
AdaFace IR-50 MS1MV2,F_18,A1,1.0,0.17151455208739372
AdaFace IR-50 MS1MV2,F_19,A1,1.0,0.16675034967529853
AdaFace IR-50 MS1MV2,F_20,A1,1.0,0.3234116966589342
AdaFace IR-50 MS1MV2,F_21,A1,1.0,0.13738838700583925
AdaFace IR-50 MS1MV2,F_22,A1,1.0,0.22104871631825548
AdaFace IR-50 MS1MV2,F_23,A1,1.0,0.13893728222087992
AdaFace IR-50 MS1MV2,F_24,A1,1.0,0.30111799402307504
AdaFace IR-50 MS1MV2,F_25,A1,1.0,0.2031553093436713
AdaFace IR-50 MS1MV2,F_26,A1,1.0,0.21966299200012837
AdaFace IR-50 MS1MV2,F_27,A1,1.0,0.272200875713002
AdaFace IR-50 MS1MV2,F_28,A1,1.0,0.33883897723438483
AdaFace IR-50 MS1MV2,F_29,A1,1.0,0.3314748671301786
AdaFace IR-50 MS1MV2,F_30,A1,1.0,0.22635345431949055
AdaFace IR-50 MS1MV2,F_31,A1,1.0,0.376698708794949
AdaFace IR-50 MS1MV2,M_01,A1,1.0,0.19288591969695673
AdaFace IR-50 MS1MV2,M_02,A1,1.0,0.45920751810382626
AdaFace IR-50 MS1MV2,M_03,A1,1.0,0.24633866965507245
AdaFace IR-50 MS1MV2,M_04,A1,1.0,0.1917910782272234
AdaFace IR-50 MS1MV2,M_05,A1,1.0,0.24342434976964814
AdaFace IR-50 MS1MV2,M_07,A1,1.0,0.22716381035475305
AdaFace IR-50 MS1MV2,M_08,A1,1.0,0.2318195367299096
AdaFace IR-50 MS1MV2,M_09,A1,1.0,0.46340441383057485
AdaFace IR-50 MS1MV2,M_10,A1,1.0,0.3342508217139466
AdaFace IR-50 MS1MV2,M_11,A1,1.0,0.33888437325917903
AdaFace IR-50 MS1MV2,M_12,A1,1.0,0.31911034833858143
AdaFace IR-50 MS1MV2,M_14,A1,1.0,0.3292815292628037
AdaFace IR-50 MS1MV2,M_15,A1,1.0,0.27201562069566987
AdaFace IR-50 MS1MV2,M_16,A1,1.0,0.30676536778515223
AdaFace IR-50 MS1MV2,M_17,A1,1.0,0.3707754884013167
AdaFace IR-50 MS1MV2,M_19,A1,1.0,0.29443890590840177
AdaFace IR-50 MS1MV2,M_20,A1,1.0,0.24923576183341872
AdaFace IR-50 MS1MV2,M_21,A1,1.0,0.38212768140965336
AdaFace IR-50 MS1MV2,M_24,A1,1.0,0.3775863086435939
AdaFace IR-50 MS1MV2,M_25,A1,1.0,0.3647739004563232
AdaFace IR-50 MS1MV2,M_26,A1,1.0,0.3920701235067472
AdaFace IR-50 MS1MV2,M_27,A1,1.0,0.30308654138973684
AdaFace IR-50 MS1MV2,M_28,A1,1.0,0.2636227914249273
AdaFace IR-50 MS1MV2,M_30,A1,1.0,0.3078211565543937
AdaFace IR-50 MS1MV2,M_31,A1,1.0,0.2697120223888436
AdaFace IR-50 MS1MV2,F_01,B2,1.0,0.04575662096047761
AdaFace IR-50 MS1MV2,F_02,B2,1.0,0.1732228090645097
AdaFace IR-50 MS1MV2,F_03,B2,1.0,0.11107910385453629
AdaFace IR-50 MS1MV2,F_04,B2,1.0,0.07619054389521451
AdaFace IR-50 MS1MV2,F_08,B2,1.0,0.06184339457031818
AdaFace IR-50 MS1MV2,F_09,B2,1.0,0.232175607592028
AdaFace IR-50 MS1MV2,F_10,B2,1.0,0.09030276161846473
AdaFace IR-50 MS1MV2,F_13,B2,1.0,0.05372571403559473
AdaFace IR-50 MS1MV2,F_14,B2,1.0,0.12152483838530487
AdaFace IR-50 MS1MV2,F_16,B2,1.0,0.14110990184152877
AdaFace IR-50 MS1MV2,F_17,B2,1.0,0.058219558474135014
AdaFace IR-50 MS1MV2,F_18,B2,1.0,0.14173305746216275
AdaFace IR-50 MS1MV2,F_19,B2,1.0,0.14685198870130628
AdaFace IR-50 MS1MV2,F_20,B2,1.0,0.16435854625644047
AdaFace IR-50 MS1MV2,F_21,B2,1.0,0.12302707781944594
AdaFace IR-50 MS1MV2,F_22,B2,1.0,0.05308359967028864
AdaFace IR-50 MS1MV2,F_23,B2,1.0,0.06751243122058681
AdaFace IR-50 MS1MV2,F_24,B2,1.0,0.12235618484451227
AdaFace IR-50 MS1MV2,F_25,B2,1.0,0.13636437959778902
AdaFace IR-50 MS1MV2,F_26,B2,1.0,0.17676043684000464
AdaFace IR-50 MS1MV2,F_27,B2,1.0,0.18526539343472437
AdaFace IR-50 MS1MV2,F_28,B2,1.0,0.07202455162397176
AdaFace IR-50 MS1MV2,F_29,B2,1.0,0.053238931935154554
AdaFace IR-50 MS1MV2,F_30,B2,1.0,0.07375693905515907
AdaFace IR-50 MS1MV2,F_31,B2,1.0,0.2212337264533092
AdaFace IR-50 MS1MV2,M_01,B2,1.0,0.1186447440256641
AdaFace IR-50 MS1MV2,M_02,B2,1.0,0.07415472097288622
AdaFace IR-50 MS1MV2,M_03,B2,1.0,0.06754895138302597
AdaFace IR-50 MS1MV2,M_04,B2,1.0,0.1903056633456786
AdaFace IR-50 MS1MV2,M_05,B2,1.0,0.06364900439683135
AdaFace IR-50 MS1MV2,M_07,B2,1.0,0.054541795023775985
AdaFace IR-50 MS1MV2,M_08,B2,1.0,0.08807301989112093
AdaFace IR-50 MS1MV2,M_09,B2,1.0,0.21672921253264033
AdaFace IR-50 MS1MV2,M_10,B2,1.0,0.12418759856267764
AdaFace IR-50 MS1MV2,M_11,B2,1.0,0.1426550175703687
AdaFace IR-50 MS1MV2,M_12,B2,1.0,0.12902168068202152
AdaFace IR-50 MS1MV2,M_14,B2,1.0,0.06871278187266172
AdaFace IR-50 MS1MV2,M_15,B2,1.0,0.12172833499484503
AdaFace IR-50 MS1MV2,M_16,B2,1.0,0.14800092291960398
AdaFace IR-50 MS1MV2,M_17,B2,1.0,0.1327207363600591
AdaFace IR-50 MS1MV2,M_19,B2,1.0,0.11819961890419783
AdaFace IR-50 MS1MV2,M_20,B2,1.0,0.07488291353728166
AdaFace IR-50 MS1MV2,M_21,B2,0.5,-0.061501640648865485
AdaFace IR-50 MS1MV2,M_24,B2,1.0,0.05963720900402669
AdaFace IR-50 MS1MV2,M_25,B2,1.0,0.11790163572222395
AdaFace IR-50 MS1MV2,M_26,B2,1.0,0.062148855257093794
AdaFace IR-50 MS1MV2,M_27,B2,1.0,0.1924709288603776
AdaFace IR-50 MS1MV2,M_28,B2,1.0,0.17030503821279397
AdaFace IR-50 MS1MV2,M_30,B2,1.0,0.1466869364276045
AdaFace IR-50 MS1MV2,M_31,B2,1.0,0.11860877342670861
AdaFace IR-50 MS1MV2,F_01,C1,0.5,0.016583947132544463
AdaFace IR-50 MS1MV2,F_02,C1,0.0,-0.03824778330136852
AdaFace IR-50 MS1MV2,F_03,C1,1.0,0.06514359797744623
AdaFace IR-50 MS1MV2,F_04,C1,1.0,0.29171073208630854
AdaFace IR-50 MS1MV2,F_08,C1,0.0,-0.0951017885264428
AdaFace IR-50 MS1MV2,F_09,C1,1.0,0.1826609109749383
AdaFace IR-50 MS1MV2,F_10,C1,0.0,-0.14071572661686782
AdaFace IR-50 MS1MV2,F_13,C1,0.0,-0.04546524914967981
AdaFace IR-50 MS1MV2,F_14,C1,1.0,0.07453093436869557
AdaFace IR-50 MS1MV2,F_16,C1,1.0,0.08572417454674414
AdaFace IR-50 MS1MV2,F_17,C1,1.0,0.29387878592946015
AdaFace IR-50 MS1MV2,F_18,C1,0.0,-0.0535359973573043
AdaFace IR-50 MS1MV2,F_19,C1,1.0,0.07963892777179105
AdaFace IR-50 MS1MV2,F_20,C1,1.0,0.3042094480217184
AdaFace IR-50 MS1MV2,F_21,C1,1.0,0.09155044721769712
AdaFace IR-50 MS1MV2,F_22,C1,0.0,-0.051556370210198044
AdaFace IR-50 MS1MV2,F_23,C1,1.0,0.042815867703206834
AdaFace IR-50 MS1MV2,F_24,C1,1.0,0.24249582511060847
AdaFace IR-50 MS1MV2,F_25,C1,0.5,-0.00450995049658548
AdaFace IR-50 MS1MV2,F_26,C1,0.0,-0.13039450803174873
AdaFace IR-50 MS1MV2,F_27,C1,1.0,0.240376886210115
AdaFace IR-50 MS1MV2,F_28,C1,1.0,0.26156675196023244
AdaFace IR-50 MS1MV2,F_29,C1,1.0,0.1873704079244638
AdaFace IR-50 MS1MV2,F_30,C1,1.0,0.07190427239310582
AdaFace IR-50 MS1MV2,F_31,C1,1.0,0.2552287290415228
AdaFace IR-50 MS1MV2,M_01,C1,1.0,0.18572730134157528
AdaFace IR-50 MS1MV2,M_02,C1,1.0,0.40560634808829243
AdaFace IR-50 MS1MV2,M_03,C1,1.0,0.27393644133081024
AdaFace IR-50 MS1MV2,M_04,C1,0.5,0.013874114237238111
AdaFace IR-50 MS1MV2,M_05,C1,0.0,-0.017159087784148652
AdaFace IR-50 MS1MV2,M_07,C1,1.0,0.11702350829521102
AdaFace IR-50 MS1MV2,M_08,C1,1.0,0.11179594423743044
AdaFace IR-50 MS1MV2,M_09,C1,1.0,0.3123065053427683
AdaFace IR-50 MS1MV2,M_10,C1,1.0,0.30332778161099716
AdaFace IR-50 MS1MV2,M_11,C1,1.0,0.10698086659691447
AdaFace IR-50 MS1MV2,M_12,C1,1.0,0.13140849099017216
AdaFace IR-50 MS1MV2,M_14,C1,1.0,0.1602645694184064
AdaFace IR-50 MS1MV2,M_15,C1,0.5,0.023807562814532224
AdaFace IR-50 MS1MV2,M_16,C1,1.0,0.2281489713283712
AdaFace IR-50 MS1MV2,M_17,C1,1.0,0.33536630168038406
AdaFace IR-50 MS1MV2,M_19,C1,1.0,0.1978465389415264
AdaFace IR-50 MS1MV2,M_20,C1,1.0,0.1449476069109561
AdaFace IR-50 MS1MV2,M_21,C1,0.0,-0.08627807030861032
AdaFace IR-50 MS1MV2,M_24,C1,0.5,0.022271481250600744
AdaFace IR-50 MS1MV2,M_25,C1,0.5,0.00021463777346281132
AdaFace IR-50 MS1MV2,M_26,C1,1.0,0.31526975997730544
AdaFace IR-50 MS1MV2,M_27,C1,1.0,0.21383477752765756
AdaFace IR-50 MS1MV2,M_28,C1,0.0,-0.04468009486549357
AdaFace IR-50 MS1MV2,M_30,C1,1.0,0.3192293785876883
AdaFace IR-50 MS1MV2,M_31,C1,1.0,0.282071111110233
