canonical_video_id,identity_id,set_id,xc_mean,xc_std,yc_mean,yc_std,w_mean,w_std,h_mean,h_std,area_mean,area_std
F_01_S1_HEADPOSE,F_01,1,0.49060129661016944,0.037897558000716494,0.6005721440677966,0.03367184406216924,0.4740851638418079,0.016377042945877676,0.5874879039548023,0.02873646990942315,0.27867458438299436,0.01903293019883944
F_01_S2_FACIAL_EXPRESSION,F_01,2,0.48842188400000003,0.001146802611849147,0.57894148,0.0018655248595502451,0.48417188800000005,0.002577060279360187,0.591554728,0.0040878407530157085,0.286412579463856,0.00229877464906855
F_02_S1_HEADPOSE,F_02,1,0.4915529661016949,0.038511708512949966,0.6002245621468927,0.031420775985102976,0.4664657231638418,0.018158185011038785,0.5817608898305084,0.03441557161593722,0.2716663530369944,0.023033102659072775
F_02_S2_FACIAL_EXPRESSION,F_02,2,0.495394572,0.00210061202053497,0.583988384,0.002848518473267122,0.48602346,0.004964021392419657,0.586351672,0.005104777341708063,0.28499579355468,0.004831662617895634
F_03_S1_HEADPOSE,F_03,1,0.4706783163841808,0.028370345676097402,0.5898299858757062,0.03193687697785542,0.4460904124293786,0.004407777878279744,0.5330210423728814,0.016716469707822722,0.23777050323521468,0.007673081073426976
F_03_S2_FACIAL_EXPRESSION,F_03,2,0.46992975200000003,0.0016770574642796278,0.57209372,0.002277975715761713,0.45203132,0.002316096616637571,0.531374984,0.0032468855476816315,0.24019551062206,0.0015547892252368517
F_04_S1_HEADPOSE,F_04,1,0.4807570155367232,0.06563912467285239,0.5854478516949152,0.03286141874084128,0.5153132344632768,0.07160836879770938,0.5945637980225988,0.043879628513789404,0.30662705530019013,0.05127814346744464
F_04_S2_FACIAL_EXPRESSION,F_04,2,0.462847752,0.003015950862082469,0.5720975960000001,0.0022555362627951817,0.48732034399999996,0.007690879755246727,0.5974607959999999,0.004226036298280459,0.29115359058103596,0.004965076243305889
F_08_S1_HEADPOSE,F_08,1,0.4956165254237288,0.03097988324786932,0.6058880621468926,0.03110717385444757,0.44470009039548025,0.016453505415072078,0.5553385819209039,0.028222781519461646,0.24705986315158474,0.017079080247111026
F_08_S2_FACIAL_EXPRESSION,F_08,2,0.49354697599999997,0.0007297105011057421,0.591253836,0.0015571960239815546,0.455390576,0.0034133992377429275,0.558351728,0.003900613765808671,0.254266329809536,0.0024266672348760517
F_09_S1_HEADPOSE,F_09,1,0.48410189830508477,0.012078223811305452,0.6118743305084745,0.022241163815950343,0.5519895367231638,0.009713361315490204,0.6299104237288136,0.018638120433233894,0.34774226570982486,0.013118361970995649
F_09_S2_FACIAL_EXPRESSION,F_09,2,0.48548060400000004,0.001345607187549176,0.5911289080000001,0.002954249062542966,0.551742108,0.003393113292587799,0.62752338,0.006225040297668766,0.34623043291113603,0.003977833857204409
F_10_S1_HEADPOSE,F_10,1,0.497953104519774,0.036107864679605674,0.590561,0.03338084724326158,0.4860742994350282,0.016916397473485893,0.5783787570621469,0.028627139571143455,0.2811908128538051,0.018058718293284263
F_10_S2_FACIAL_EXPRESSION,F_10,2,0.496953032,0.0011626179178801726,0.574749952,0.0021854233012613216,0.49325008400000003,0.003300931054860729,0.57031244,0.00421816223945928,0.28130760465038,0.00289927593104576
F_13_S1_HEADPOSE,F_13,1,0.5085546073446328,0.03794003434653003,0.5887982175141243,0.03444659473286113,0.49256826271186444,0.0135043468342487,0.5639069152542373,0.031078377596800558,0.27795223173842654,0.020034205975122003
F_13_S2_FACIAL_EXPRESSION,F_13,2,0.504347648,0.0008905466793470074,0.5702225200000001,0.0016022136292018335,0.50066402,0.0021891030555001106,0.5636328039999999,0.00537702017678789,0.282194780461916,0.003338050419564017
F_14_S1_HEADPOSE,F_14,1,0.47269210451977406,0.03351551019717901,0.583600895480226,0.027833869541798634,0.4650368418079096,0.009983653814849013,0.5467701751412429,0.012972196442171895,0.2542852362053701,0.008736548003067189
F_14_S2_FACIAL_EXPRESSION,F_14,2,0.469652288,0.0016499229767040677,0.5645819679999999,0.0029197352467263136,0.46707042,0.0025496936717182396,0.5442735240000001,0.003778018175899081,0.254210990838876,0.00186361507400875
F_16_S1_HEADPOSE,F_16,1,0.507310406779661,0.030767642805215576,0.5898768644067797,0.031056327885885453,0.530312081920904,0.009749251642817716,0.6178606779661017,0.026573902438937085,0.32774799831033613,0.01721666831751108
F_16_S2_FACIAL_EXPRESSION,F_16,2,0.507066168,0.0009428491394576716,0.5685115999999999,0.0017867092186475305,0.53410138,0.0022845926541946123,0.618679784,0.005253993244128134,0.33044372484764,0.003721520535087134
F_17_S1_HEADPOSE,F_17,1,0.5070400762711864,0.03869416534721883,0.593267220338983,0.030304493969789525,0.5067972485875706,0.018741286085581052,0.5532033644067796,0.027635149192720684,0.28057050422486157,0.020546145545373738
F_17_S2_FACIAL_EXPRESSION,F_17,2,0.5041952599999999,0.0015053675592359402,0.5746327680000001,0.001810200400556786,0.51628122,0.002848401476547833,0.55389066,0.004913879340032692,0.2859645399336,0.0031077078333168946
F_18_S1_HEADPOSE,F_18,1,0.5105021723163842,0.030103605424611567,0.6008480141242938,0.031748062199636745,0.4669348220338983,0.0061790308191340395,0.5523095056497175,0.026905219452805818,0.25791283464094067,0.013450524851385846
F_18_S2_FACIAL_EXPRESSION,F_18,2,0.5109023760000001,0.0009652606583840355,0.584105452,0.0015093844969708704,0.46966400399999997,0.0016210794119918953,0.550617272,0.0055454046458320826,0.258601615895508,0.002402485224657924
F_19_S1_HEADPOSE,F_19,1,0.4984413757062147,0.02743583143909301,0.5970852372881357,0.028870188267761786,0.49275588135593223,0.003989638981945926,0.5589523785310735,0.019647035652488643,0.2754449387834746,0.010446774530209745
F_19_S2_FACIAL_EXPRESSION,F_19,2,0.49675381199999996,0.0009503505251516582,0.579039128,0.0015317570902776913,0.491726516,0.0025350247213279742,0.5571095,0.003725586688026476,0.273940082680632,0.0015399468415749817
F_20_S1_HEADPOSE,F_20,1,0.4967392711864406,0.0378030462683068,0.5882961892655367,0.031082904447700115,0.5070732429378532,0.016644662127434765,0.5882934237288135,0.02624332163658056,0.29846261510471755,0.019281689295333602
F_20_S2_FACIAL_EXPRESSION,F_20,2,0.494582136,0.001510144249237131,0.571515572,0.0014933471200012582,0.510367176,0.0036838160585219316,0.5866719960000001,0.0042803708152430115,0.29942020625096805,0.0032631168957719214
F_21_S1_HEADPOSE,F_21,1,0.44956357344632775,0.03359204030746891,0.6004121553672317,0.0333927450021849,0.5081049011299436,0.014510455555692504,0.6030025310734464,0.0309580045121343,0.306609772576113,0.0215725944638517
F_21_S2_FACIAL_EXPRESSION,F_21,2,0.445788884,0.0009658139979022855,0.584007804,0.001731505933453311,0.519375036,0.004957159395733005,0.6069843519999999,0.006341532516678897,0.31523851961816,0.00331859907708357
F_22_S1_HEADPOSE,F_22,1,0.45281603672316384,0.028371378195820685,0.5911954915254237,0.030586465886761394,0.48908690395480225,0.009980551320598054,0.5752339435028249,0.02428031780249236,0.2813583117303333,0.013653248107682219
F_22_S2_FACIAL_EXPRESSION,F_22,2,0.45032027199999997,0.001437776449249337,0.5756952599999999,0.0017582558700029846,0.50062496,0.0025862321826162302,0.57712504,0.003494746052919989,0.288921277108388,0.002040891318263863
F_23_S1_HEADPOSE,F_23,1,0.4399083107344633,0.029001650159257167,0.5883513474576271,0.031843467232994936,0.5107863192090395,0.007046959637901903,0.5846961355932203,0.014694582007758658,0.2986685652531328,0.00909676791909619
F_23_S2_FACIAL_EXPRESSION,F_23,2,0.43964457199999996,0.0016334540400072526,0.566710868,0.0026040072877348062,0.5130860640000001,0.002970935765698046,0.579328084,0.004102672182485922,0.29724634422168006,0.0028446459769915526
F_24_S1_HEADPOSE,F_24,1,0.5003641440677966,0.038638787276914575,0.6015928333333334,0.034736930464067256,0.523857,0.005734613703440164,0.627488302259887,0.01945564172709703,0.3287090334107288,0.010683006042253286
F_24_S2_FACIAL_EXPRESSION,F_24,2,0.5002813039999999,0.0010863295023076517,0.5792188119999999,0.0026568440888873977,0.529437616,0.002326297650031894,0.624921828,0.004285350515233954,0.330858629074212,0.0028732436822961876
F_25_S1_HEADPOSE,F_25,1,0.4423965988700565,0.029515294950582575,0.5850988785310735,0.033453871677406925,0.5346872966101694,0.01610342537322433,0.61018052259887,0.028927431064566574,0.3264409178873757,0.021402525890058068
F_25_S2_FACIAL_EXPRESSION,F_25,2,0.443667884,0.0017729496187269267,0.569226388,0.0016765873998858783,0.545117304,0.004857667102178134,0.609812456,0.004084707270792334,0.332415467889652,0.0033351066210212934
F_26_S1_HEADPOSE,F_26,1,0.47005756214689265,0.030372969607671083,0.5915182231638417,0.02655382593207595,0.4653733615819209,0.009848009570282578,0.5504446242937853,0.01887206331560552,0.25620532064560453,0.011406271010537742
F_26_S2_FACIAL_EXPRESSION,F_26,2,0.46650767200000004,0.0015306074547107125,0.571328088,0.0017833340461775754,0.472843552,0.002524568355837493,0.550187464,0.0038211674395011727,0.260154598613304,0.0025032761187499817
F_27_S1_HEADPOSE,F_27,1,0.5258292796610169,0.019260537259031374,0.5935237598870057,0.02298817137485843,0.4812798107344633,0.005875897686032397,0.5637800084745763,0.019318227054326884,0.2713826774571384,0.01112606548505423
F_27_S2_FACIAL_EXPRESSION,F_27,2,0.526320396,0.0007447679364634267,0.5806094919999999,0.001560015141572661,0.485359312,0.0018833887922189603,0.56681232,0.003371974602751337,0.275106032393568,0.001710592268234933
F_28_S1_HEADPOSE,F_28,1,0.41366800564971756,0.022512259262366663,0.5799484943502825,0.02768280706424445,0.4813680847457627,0.0062612312848079445,0.5693028107344633,0.014573089617541692,0.2740643466831356,0.008562766395388945
F_28_S2_FACIAL_EXPRESSION,F_28,2,0.41181242,0.001257968325356396,0.570468616,0.0014294637723790327,0.486499864,0.00155291871181463,0.56881236,0.0032461557840621534,0.276725364231468,0.0015145103625287782
F_29_S1_HEADPOSE,F_29,1,0.44971532768361583,0.0300200411585962,0.5916948079096045,0.03355855560992036,0.48073359322033893,0.009626478003098267,0.5505328841807909,0.022365449022122563,0.2646506996401441,0.011838892665444517
F_29_S2_FACIAL_EXPRESSION,F_29,2,0.44951557600000003,0.0012730391872303169,0.5739296760000001,0.0020222679434298337,0.488968748,0.003616400750538577,0.541671928,0.004342496316499999,0.26485068643259596,0.0017537258021302336
F_30_S1_HEADPOSE,F_30,1,0.4539029039548022,0.032818467761735366,0.6162716327683616,0.03289200776682591,0.5435315649717515,0.013444015000803295,0.6091433220338983,0.024616377141075434,0.33116345217603677,0.01741282115787384
F_30_S2_FACIAL_EXPRESSION,F_30,2,0.45183204,0.002122351719767483,0.593726552,0.0021233397898819625,0.546570392,0.003845015563861327,0.60760936,0.0040851232850918845,0.332096460836912,0.0026859557300631088
F_31_S1_HEADPOSE,F_31,1,0.49333922740112995,0.05049059928211406,0.5998369717514124,0.031450099915054985,0.5809194943502825,0.02727363156186779,0.6452954378531074,0.03089332292460242,0.37467826954414435,0.02189062178644925
F_31_S2_FACIAL_EXPRESSION,F_31,2,0.491257916,0.0013036302439510957,0.5829101799999999,0.0029482697291123064,0.5781720320000001,0.005384208226933263,0.647570396,0.004419087340071953,0.37441370933694,0.004862348428624401
M_01_S1_HEADPOSE,M_01,1,0.4854095169491525,0.02513468968846818,0.5875044293785311,0.02830007848877812,0.46512523446327686,0.004967182685875111,0.6026218644067797,0.025461337773995705,0.280327568944226,0.013002161366518255
M_01_S2_FACIAL_EXPRESSION,M_01,2,0.48516816,0.0009123978509400356,0.571210952,0.0017561687907761295,0.470382708,0.0020231270189328197,0.606890592,0.004751333918126131,0.28546842714843595,0.0022596548466512017
M_02_S1_HEADPOSE,M_02,1,0.5698518163841808,0.024783020317994026,0.6011348954802259,0.033296632669074,0.4953268446327683,0.007153169380217115,0.5688724745762712,0.037298609506438166,0.2817735678993644,0.018813358106307982
M_02_S2_FACIAL_EXPRESSION,M_02,2,0.5674647599999999,0.0012026702750130556,0.580453164,0.0023003171748921755,0.496695524,0.0029677478520629044,0.57896872,0.007845095747127624,0.287566453128896,0.003939411424639353
M_03_S1_HEADPOSE,M_03,1,0.49427025141242936,0.04082274741321737,0.5970659039548023,0.03513285686359072,0.5116911723163842,0.015399592308647875,0.5945664887005649,0.033684491807743196,0.30425609824038985,0.019795927771073186
M_03_S2_FACIAL_EXPRESSION,M_03,2,0.491484376,0.0014880966563446001,0.5737304400000001,0.0016322711289488512,0.512140668,0.003980377523524099,0.59761708,0.0051362931942793314,0.306070481971684,0.004063524859769397
M_04_S1_HEADPOSE,M_04,1,0.48916127683615823,0.026958377705472786,0.5997914039548022,0.028909454141127437,0.46193616949152544,0.006635989522947858,0.5725525169491525,0.02400812883220442,0.26446865675552544,0.011450954927417859
M_04_S2_FACIAL_EXPRESSION,M_04,2,0.48787894,0.00078740513104756,0.583632772,0.0015522515182843318,0.467867244,0.002117628452884025,0.57079688,0.0062115983625472765,0.267049046160168,0.0023649251241333108
M_05_S1_HEADPOSE,M_05,1,0.4752135197740113,0.02871770848251819,0.6173033870056497,0.034684845600213926,0.5097600649717514,0.007363054168856756,0.6041666497175142,0.027681836536433864,0.308021662626613,0.015678415695684917
M_05_S2_FACIAL_EXPRESSION,M_05,2,0.471585988,0.0014971529874585362,0.597894548,0.0016642536608630185,0.518749932,0.0025556140834202506,0.6012265240000001,0.005023216228814373,0.311881744572292,0.00252074006667862
M_07_S1_HEADPOSE,M_07,1,0.5414101483050847,0.06552110411594536,0.5886313548022599,0.025382972677475555,0.5944286214689265,0.07522025931192743,0.563468331920904,0.026909691955451936,0.3353369136544419,0.0489413308279351
M_07_S2_FACIAL_EXPRESSION,M_07,2,0.545460872,0.0017576791332936654,0.575492136,0.0016045214730579223,0.6075157,0.0028688857603606146,0.55248438,0.004239599943815458,0.335642317707032,0.0029584157307882574
M_08_S1_HEADPOSE,M_08,1,0.5107118389830508,0.028397396620442283,0.6101942853107345,0.030659151119029712,0.5001931355932203,0.008695928126520735,0.5612365564971752,0.024557071257690345,0.2808385972893672,0.015566512925663373
M_08_S2_FACIAL_EXPRESSION,M_08,2,0.5088710160000001,0.001100171444704883,0.590749948,0.0018781358122606467,0.5006640960000001,0.004159853346307294,0.558234416,0.004213630255604312,0.279483010675804,0.002665317112974046
M_09_S1_HEADPOSE,M_09,1,0.48069770621468927,0.02718913992534137,0.6161971384180791,0.03010431009450559,0.4769100028248588,0.004493637860704382,0.5706711468926553,0.025438363303045747,0.2721994646816751,0.013304592369141511
M_09_S2_FACIAL_EXPRESSION,M_09,2,0.479308704,0.001310329921960118,0.597683588,0.0024133614520531264,0.480789176,0.002615387928591858,0.574336012,0.0034368608356836264,0.276136103038108,0.002416023889934149
M_10_S1_HEADPOSE,M_10,1,0.4557925988700565,0.017790621685056143,0.5966162542372881,0.02906974660056805,0.4992221327683616,0.009318848308906332,0.5832947175141243,0.015663920561985088,0.2912638615046808,0.011606419502946505
M_10_S2_FACIAL_EXPRESSION,M_10,2,0.454597756,0.0015533329097344244,0.580441468,0.0020244620364373188,0.500335916,0.002256045548508257,0.5857423119999999,0.005765573201569473,0.29306174146581204,0.0025393925009285358
M_11_S1_HEADPOSE,M_11,1,0.5033490028248587,0.026552335342565635,0.5890326807909605,0.02743932330625976,0.4708465621468927,0.00636367253458988,0.524000302259887,0.026031198429247858,0.24678126739606215,0.01378472439125378
M_11_S2_FACIAL_EXPRESSION,M_11,2,0.502410256,0.0008291575667290186,0.575206992,0.001644470385241385,0.47136702,0.00202999295653951,0.525414212,0.003443307508639935,0.247659650414052,0.0014667750453999403
M_12_S1_HEADPOSE,M_12,1,0.5049600282485875,0.026513282373229308,0.6143708898305085,0.02832273842247159,0.4816605028248587,0.005331856454898403,0.5983238276836158,0.022999309176587254,0.2881432874445424,0.010284456390008427
M_12_S2_FACIAL_EXPRESSION,M_12,2,0.506671656,0.0011371103700450894,0.598027348,0.0022360977784739154,0.491843892,0.002305460592666027,0.599382732,0.004977438476583738,0.294800033222648,0.0025137542252146685
M_14_S1_HEADPOSE,M_14,1,0.49455168079096046,0.028386267722966232,0.5969555282485876,0.029608709673725888,0.5020689491525423,0.007957104408516717,0.6120894717514125,0.02811361413405577,0.3074136781985367,0.016946890126087986
M_14_S2_FACIAL_EXPRESSION,M_14,2,0.493718964,0.0010967193892258752,0.581375044,0.0012491234086606379,0.508390452,0.0019459545831534966,0.611749996,0.0051235830302615295,0.311001645590816,0.0020867063987714193
M_15_S1_HEADPOSE,M_15,1,0.47900664124293785,0.029279259121318756,0.6012066723163841,0.03253463982195899,0.49161376836158194,0.006334422641901208,0.5774794632768362,0.0220707972623708,0.2839090055848983,0.011802794115124736
M_15_S2_FACIAL_EXPRESSION,M_15,2,0.475953028,0.0010602784743717045,0.582835952,0.0020579394834873035,0.49559402799999996,0.002530228323929683,0.574687416,0.005107556891797103,0.284802608851544,0.0018386956414251161
M_16_S1_HEADPOSE,M_16,1,0.49868688418079093,0.026037770557070208,0.590933440677966,0.027403071044299215,0.4593485734463277,0.0064425772110477475,0.5448942627118645,0.025520381932245966,0.2503482251548898,0.013275393596517578
M_16_S2_FACIAL_EXPRESSION,M_16,2,0.49830852800000003,0.0007229638228957171,0.57767966,0.0017383264458668167,0.462258192,0.0016422510877256115,0.54504688,0.003977766428738615,0.251949794429684,0.0016965869968512647
M_17_S1_HEADPOSE,M_17,1,0.4926426553672316,0.025027506880083775,0.5793194661016949,0.03087611208235742,0.49180683050847457,0.00998685214254397,0.580778802259887,0.025673283112167586,0.28560489049190113,0.013406523688276339
M_17_S2_FACIAL_EXPRESSION,M_17,2,0.488261744,0.0013316512750957076,0.5614452999999999,0.0019398642576221518,0.49792982,0.0016576357149868663,0.5833437800000001,0.0054703738164407064,0.290460617940436,0.0024974294434416074
M_19_S1_HEADPOSE,M_19,1,0.502449627118644,0.028389789142206117,0.5932810169491526,0.029940952736384748,0.44911950847457627,0.00411463546534077,0.5700807344632769,0.02813913493780742,0.25606169635733617,0.01337787641333172
M_19_S2_FACIAL_EXPRESSION,M_19,2,0.50186732,0.0006988763221057003,0.577832012,0.0014649517547878422,0.451296992,0.0018608964527710868,0.5728046920000001,0.0044297923397306005,0.258502190223632,0.0019151653620922654
M_20_S1_HEADPOSE,M_20,1,0.5053007485875706,0.030910169637044387,0.614755761299435,0.03836174930678562,0.4999034985875706,0.007777989149561988,0.5252664745762712,0.03935060880073169,0.2626651844003163,0.021134612902917464
M_20_S2_FACIAL_EXPRESSION,M_20,2,0.505417868,0.0007510491505727143,0.5968946079999999,0.0017213999274822722,0.5025389,0.0018995372368026836,0.528476676,0.0036745085259152657,0.26557649418846,0.0015867539349752541
M_21_S1_HEADPOSE,M_21,1,0.4562340141242938,0.023280895701004375,0.5969638418079096,0.027154865043462234,0.5089765734463276,0.009849879466208866,0.5780422542372882,0.018799338688717304,0.29421551593535594,0.01138170773322115
M_21_S2_FACIAL_EXPRESSION,M_21,2,0.47707404,0.0012421576608466366,0.587996136,0.0016481193614250338,0.48061742799999996,0.0009532240685253502,0.563538996,0.003476655976651098,0.270846737471664,0.0017668438047756243
M_24_S1_HEADPOSE,M_24,1,0.4547057231638418,0.06858984572954677,0.5958355494350283,0.03296631240748623,0.5395976497175141,0.09241886700319134,0.6033942401129944,0.027548743750177913,0.32661567133121133,0.06420149852484643
M_24_S2_FACIAL_EXPRESSION,M_24,2,0.425386812,0.0012385546482315704,0.5811328159999999,0.0017187129272056916,0.48866410000000005,0.005646433224080493,0.5954061359999999,0.005864684493261687,0.290956676708016,0.0046309151375204275
M_25_S1_HEADPOSE,M_25,1,0.5139904872881356,0.05141823725300332,0.6006866299435029,0.028484517904171325,0.5162015522598871,0.06933488866378396,0.5475012175141243,0.02306771825583529,0.2827090991452943,0.040485799504710686
M_25_S2_FACIAL_EXPRESSION,M_25,2,0.501000172,0.001033314375403723,0.5848672919999999,0.0011451620595950677,0.480875156,0.00266989441657606,0.5435625119999999,0.004791988905856944,0.261383117205084,0.002463569935915756
M_26_S1_HEADPOSE,M_26,1,0.5403894039548023,0.022921430716802596,0.6142081751412429,0.032925081787351554,0.514306406779661,0.007143645053338621,0.6379546384180791,0.02582448410211605,0.32818235186111866,0.015833869385053333
M_26_S2_FACIAL_EXPRESSION,M_26,2,0.54230858,0.0012425379236063474,0.597101596,0.0018949027354415817,0.51271108,0.0027908424795390872,0.640796872,0.005287208651038458,0.328535292504872,0.0022513498563143377
M_27_S1_HEADPOSE,M_27,1,0.47490456497175143,0.02493047663902895,0.5971817542372881,0.026478154244307953,0.4556573446327683,0.003710851791276705,0.5385217372881356,0.012532295286969426,0.2453842951294689,0.006186581198292901
M_27_S2_FACIAL_EXPRESSION,M_27,2,0.47335150400000003,0.0008541610960375092,0.579816432,0.0020845228147890215,0.456343544,0.001689199365398895,0.537070076,0.0027313314596042948,0.245088511211968,0.0015485289314220423
M_28_S1_HEADPOSE,M_28,1,0.494504813559322,0.02808422719107722,0.5887347655367231,0.03019722710815179,0.4750618163841808,0.006900681408477972,0.5806188135593221,0.027432449454376753,0.2759158137689689,0.015334878143911521
M_28_S2_FACIAL_EXPRESSION,M_28,2,0.49372666800000004,0.0013403999066606876,0.5755741679999999,0.0011869643447787195,0.482953216,0.001846608749395496,0.573789112,0.004012115214130322,0.27711140448437205,0.0019574001918447196
M_30_S1_HEADPOSE,M_30,1,0.536174197740113,0.02388812650103102,0.5778574039548022,0.0281402047742718,0.44503098870056496,0.003825062186250809,0.5489109180790961,0.024501193424330426,0.2442801714812034,0.011043407638231858
M_30_S2_FACIAL_EXPRESSION,M_30,2,0.5364921039999999,0.0007667342259114217,0.564339928,0.0016006874906789187,0.448687772,0.0013503088298667113,0.553460976,0.004475119948272241,0.24832893382618798,0.0018667284701412554
M_31_S1_HEADPOSE,M_31,1,0.4733128389830508,0.03400391347250821,0.5970769689265537,0.030703986731269114,0.48968259322033897,0.008970653034039896,0.6093088276836158,0.02677328787029269,0.2983986566948277,0.014914623978669694
M_31_S2_FACIAL_EXPRESSION,M_31,2,0.47073454800000003,0.001539908399774482,0.582109376,0.0013451703663937794,0.49101554,0.00211108961259345,0.608765628,0.0042353269004429765,0.29890809118362,0.0016756097924135395
