case_id,case_type,identity_id,set_id,frame_index,archive_role,source_frame_path,box_yolo,qc_origin,label_path,pad_fraction_f1_0,pad_fraction_f1_1,pad_fraction_f1_2,pad_fraction_f1_3,pad_fraction_f1_4
STRESS-F_31-S1-F0070,bbox_stress,F_31,1,70,subjects_female,Female Subjects/Set 1 Cropped Headpose Variations/Subject-31/Thermal Animations/Extracted_frames/frame_0070.png,0 0.466797 0.603516 0.578125 0.644531,BBOX-F31-MULTI-0070-0071,,0.0,0.0,0.0,0.02564102564102566,0.06060606060606055
STRESS-F_31-S1-F0071,bbox_stress,F_31,1,71,subjects_female,Female Subjects/Set 1 Cropped Headpose Variations/Subject-31/Thermal Animations/Extracted_frames/frame_0071.png,0 0.463867 0.604492 0.580078 0.642578,BBOX-F31-MULTI-0070-0071,,0.0,0.0,0.0,0.025700934579439227,0.0585683297180043
STRESS-F_04-S1-F0168,bbox_stress,F_04,1,168,subjects_female,Female Subjects/Set 1 Cropped Headpose Variations/Subject-4/Thermal Animations/Extracted_frames/frame_0168.png,0 0.5722655 0.588379 0.603516 0.5751955,BBOX-F_04-0168-0168,,0.0,0.0,0.0,0.0,0.011547344110854452
STRESS-F_04-S1-F0259,bbox_stress,F_04,1,259,subjects_female,Female Subjects/Set 1 Cropped Headpose Variations/Subject-4/Thermal Animations/Extracted_frames/frame_0259.png,0 0.639648 0.6259765 0.6796875 0.556641,BBOX-F_04-0259-0259,,0.0,0.015665796344647487,0.09575101302625855,0.15876983952945534,0.21457605482397202
STRESS-F_04-S1-F0272,bbox_stress,F_04,1,272,subjects_female,Female Subjects/Set 1 Cropped Headpose Variations/Subject-4/Thermal Animations/Extracted_frames/frame_0272.png,0 0.640137 0.62793 0.678711 0.5546875,BBOX-F_04-0272-0272,,0.0,0.020840008453258285,0.0980059980311806,0.16111774610384522,0.2167947750338366
STRESS-F_04-S1-F0279,bbox_stress,F_04,1,279,subjects_female,Female Subjects/Set 1 Cropped Headpose Variations/Subject-4/Thermal Animations/Extracted_frames/frame_0279.png,0 0.627441 0.61084 0.6728515 0.583008,BBOX-F_04-0279-0279,,0.0,0.0,0.05490209806529911,0.12328603316326525,0.1814744801512287
STRESS-F_04-S1-F0283,bbox_stress,F_04,1,283,subjects_female,Female Subjects/Set 1 Cropped Headpose Variations/Subject-4/Thermal Animations/Extracted_frames/frame_0283.png,0 0.550293 0.600098 0.567383 0.5888675,BBOX-F_04-0282-0284,,0.0,0.0,0.0,0.0,0.014184397163120588
STRESS-F_31-S1-F0260,bbox_stress,F_31,1,260,subjects_female,Female Subjects/Set 1 Cropped Headpose Variations/Subject-31/Thermal Animations/Extracted_frames/frame_0260.png,0 0.6207683 0.6542967 0.6621097 0.6210937,BBOX-F_31-0259-0260,,0.0,0.024128686327077764,0.08458246050383644,0.15071395149140532,0.20540720221606645
STRESS-F_31-S1-F0265,bbox_stress,F_31,1,265,subjects_female,Female Subjects/Set 1 Cropped Headpose Variations/Subject-31/Thermal Animations/Extracted_frames/frame_0265.png,0 0.612305 0.663574 0.638672 0.6083985,BBOX-F_31-0265-0265,,0.0,0.019444444444444486,0.06106870229007633,0.12367475589058607,0.17976392517305162
STRESS-F_31-S1-F0274,bbox_stress,F_31,1,274,subjects_female,Female Subjects/Set 1 Cropped Headpose Variations/Subject-31/Thermal Animations/Extracted_frames/frame_0274.png,0 0.6274415 0.660156 0.678711 0.6171875,BBOX-F_31-0274-0274,,0.0,0.044386422976501305,0.12089924681211506,0.18152850653927477,0.23333150622551846
STRESS-M_07-S1-F0121,bbox_stress,M_07,1,121,subjects_male,Male Subjects/Set 1 Cropped  Headpose Variations/Subject-7/Face Animations/Extracted_frames/frame_0121.png,0 0.552083 0.6207683 0.608073 0.544922,BBOX-M_07-0120-0121,,0.0,0.0,0.0,0.01975308641975304,0.05275229357798161
STRESS-M_07-S1-F0129,bbox_stress,M_07,1,129,subjects_male,Male Subjects/Set 1 Cropped  Headpose Variations/Subject-7/Face Animations/Extracted_frames/frame_0129.png,0 0.579102 0.621094 0.6621095 0.546875,BBOX-M_07-0124-0134,,0.0,0.0,0.02211302211302213,0.06962633881973046,0.13264930747922443
STRESS-M_07-S1-F0150,bbox_stress,M_07,1,150,subjects_male,Male Subjects/Set 1 Cropped  Headpose Variations/Subject-7/Face Animations/Extracted_frames/frame_0150.png,0 0.6247213 0.6224887 0.6774554 0.550223,BBOX-M_07-0147-0152,,0.0,0.0,0.072960336766558,0.13893245362608841,0.1933309624210402
STRESS-M_07-S1-F0164,bbox_stress,M_07,1,164,subjects_male,Male Subjects/Set 1 Cropped  Headpose Variations/Subject-7/Face Animations/Extracted_frames/frame_0164.png,0 0.609375 0.6147465 0.6347655 0.5478515,BBOX-M_07-0163-0165,,0.0,0.0,0.0,0.05824097826512187,0.12136215432918729
STRESS-M_07-S1-F0170,bbox_stress,M_07,1,170,subjects_male,Male Subjects/Set 1 Cropped  Headpose Variations/Subject-7/Face Animations/Extracted_frames/frame_0170.png,0 0.592448 0.5973303 0.608073 0.55013,BBOX-M_07-0169-0170,,0.0,0.0,0.0,0.0,0.0453507701371938
STRESS-M_07-S1-F0240,bbox_stress,M_07,1,240,subjects_male,Male Subjects/Set 1 Cropped  Headpose Variations/Subject-7/Face Animations/Extracted_frames/frame_0240.png,0 0.578125 0.62793 0.652344 0.5488285,BBOX-M_07-0235-0245,,0.0,0.0,0.02493765586034913,0.06422512881490294,0.1268080210387903
STRESS-M_07-S1-F0247,bbox_stress,M_07,1,247,subjects_male,Male Subjects/Set 1 Cropped  Headpose Variations/Subject-7/Face Animations/Extracted_frames/frame_0247.png,0 0.6240235 0.629883 0.671875 0.5527345,BBOX-M_07-0247-0247,,0.0,0.0,0.07366520293840029,0.13983777104591832,0.19485718221105008
STRESS-M_20-S1-F0265,bbox_stress,M_20,1,265,subjects_male,Male Subjects/Set 1 Cropped  Headpose Variations/Subject-20/Face Animations/Extracted_frames/frame_0265.png,0 0.5703125 0.685547 0.4921875 0.460938,BBOX-M_20-0264-0266,,0.0,0.0,0.0,0.009146341463414642,0.04249291784702547
STRESS-M_20-S1-F0270,bbox_stress,M_20,1,270,subjects_male,Male Subjects/Set 1 Cropped  Headpose Variations/Subject-20/Face Animations/Extracted_frames/frame_0270.png,0 0.5688475 0.6811525 0.491211 0.473633,BBOX-M_20-0268-0272,,0.0,0.0,0.0,0.0,0.03682719546742208
STRESS-M_24-S1-F0247,bbox_stress,M_24,1,247,subjects_male,Male Subjects/Set 1 Cropped  Headpose Variations/Subject-24/Face Animations/Extracted_frames/frame_0247.png,0 0.522461 0.6484375 0.615234 0.578125,BBOX-M_24-0247-0247,,0.0,0.0,0.023809523809523836,0.060975609756097615,0.09070294784580502
STRESS-M_24-S1-F0320,bbox_stress,M_24,1,320,subjects_male,Male Subjects/Set 1 Cropped  Headpose Variations/Subject-24/Face Animations/Extracted_frames/frame_0320.png,0 0.4862199 0.5482854 0.6599391 0.669488,BBOX-M_24-0316-0323,,0.0,0.0,0.0,0.0,0.01666666666666672
STRESS-M_24-S1-F0335,bbox_stress,M_24,1,335,subjects_male,Male Subjects/Set 1 Cropped  Headpose Variations/Subject-24/Face Animations/Extracted_frames/frame_0335.png,0 0.5378904 0.5492192 0.6921876 0.6554688,BBOX-M_24-0333-0336,,0.0,0.0,0.0,0.0,0.055580970733859925
STRESS-M_25-S1-F0248,bbox_stress,M_25,1,248,subjects_male,Male Subjects/Set 1 Cropped  Headpose Variations/Subject-25/Face Animations/Extracted_frames/frame_0248.png,0 0.595052 0.6422523 0.6315107 0.5423177,BBOX-M_25-0247-0248,,0.0,0.0,0.028277634961439535,0.07080190249434382,0.132884035300596
STRESS-M_25-S1-F0263,bbox_stress,M_25,1,263,subjects_male,Male Subjects/Set 1 Cropped  Headpose Variations/Subject-25/Face Animations/Extracted_frames/frame_0263.png,0 0.5696613 0.638672 0.5442707 0.539062,BBOX-M_25-0262-0263,,0.0,0.0,0.0,0.0,0.025575447570332477
STRESS-M_25-S1-F0270,bbox_stress,M_25,1,270,subjects_male,Male Subjects/Set 1 Cropped  Headpose Variations/Subject-25/Face Animations/Extracted_frames/frame_0270.png,0 0.5472654 0.6398438 0.5210938 0.539062,BBOX-M_25-0268-0271,,0.0,0.0,0.0,0.0,0.023255813953488413
STRESS-M_25-S1-F0276,bbox_stress,M_25,1,276,subjects_male,Male Subjects/Set 1 Cropped  Headpose Variations/Subject-25/Face Animations/Extracted_frames/frame_0276.png,0 0.6381835 0.632324 0.6806645 0.555664,BBOX-M_25-0276-0276,,0.0,0.0233154296875,0.1045277709741913,0.1664499602165771,0.21816212039774252
CONTROL-F_01-S1-F0177,clean_control,F_01,1,177,subjects_female,Female Subjects/Set 1 Cropped Headpose Variations/Subject-1/Thermal Animations/Extracted_frames/frame_0177.png,0 0.532227 0.581055 0.466797 0.587891,clean_control,Female Subjects/Set 1 Cropped Headpose Variations/Subject-1/Thermal Face Detection/labels/frame_0177.txt,0.0,0.0,0.0,0.0,0.0
CONTROL-F_01-S2-F0125,clean_control,F_01,2,125,subjects_female,Female Subjects/Set 2 Cropped Facial Expressions/Subject-1/Thermal Animations/Extracted_frames/frame_0125.png,0 0.488281 0.581055 0.480469 0.580078,clean_control,Female Subjects/Set 2 Cropped Facial Expressions/Subject-1/Thermal Face Detection/labels/frame_0125.txt,0.0,0.0,0.0,0.0,0.0
CONTROL-M_01-S1-F0177,clean_control,M_01,1,177,subjects_male,Male Subjects/Set 1 Cropped  Headpose Variations/Subject-1/Face Animations/Extracted_frames/frame_0177.png,0 0.514648 0.570312 0.462891 0.609375,clean_control,Male Subjects/Set 1 Cropped  Headpose Variations/Subject-1/Face Detection/labels/frame_0177.txt,0.0,0.0,0.0,0.0,0.0
CONTROL-M_01-S2-F0125,clean_control,M_01,2,125,subjects_male,Male Subjects/Set 2 Cropped Facial Expressions/Subject-1/Thermal Animations/Extracted_frames/frame_0125.png,0 0.483398 0.571289 0.466797 0.599609,clean_control,Male Subjects/Set 2 Cropped Facial Expressions/Subject-1/Thermal Face Detection/labels/frame_0125.txt,0.0,0.0,0.0,0.0,0.0
