case_id,case_type,identity_id,set_id,frame_index,qc_origin,minimum_acceptable_factor,review_status,notes
STRESS-F_31-S1-F0070,bbox_stress,F_31,1,70,BBOX-F31-MULTI-0070-0071,,PENDING,
STRESS-F_31-S1-F0071,bbox_stress,F_31,1,71,BBOX-F31-MULTI-0070-0071,,PENDING,
STRESS-F_04-S1-F0168,bbox_stress,F_04,1,168,BBOX-F_04-0168-0168,,PENDING,
STRESS-F_04-S1-F0259,bbox_stress,F_04,1,259,BBOX-F_04-0259-0259,,PENDING,
STRESS-F_04-S1-F0272,bbox_stress,F_04,1,272,BBOX-F_04-0272-0272,,PENDING,
STRESS-F_04-S1-F0279,bbox_stress,F_04,1,279,BBOX-F_04-0279-0279,,PENDING,
STRESS-F_04-S1-F0283,bbox_stress,F_04,1,283,BBOX-F_04-0282-0284,,PENDING,
STRESS-F_31-S1-F0260,bbox_stress,F_31,1,260,BBOX-F_31-0259-0260,,PENDING,
STRESS-F_31-S1-F0265,bbox_stress,F_31,1,265,BBOX-F_31-0265-0265,,PENDING,
STRESS-F_31-S1-F0274,bbox_stress,F_31,1,274,BBOX-F_31-0274-0274,,PENDING,
STRESS-M_07-S1-F0121,bbox_stress,M_07,1,121,BBOX-M_07-0120-0121,,PENDING,
STRESS-M_07-S1-F0129,bbox_stress,M_07,1,129,BBOX-M_07-0124-0134,,PENDING,
STRESS-M_07-S1-F0150,bbox_stress,M_07,1,150,BBOX-M_07-0147-0152,,PENDING,
STRESS-M_07-S1-F0164,bbox_stress,M_07,1,164,BBOX-M_07-0163-0165,,PENDING,
STRESS-M_07-S1-F0170,bbox_stress,M_07,1,170,BBOX-M_07-0169-0170,,PENDING,
STRESS-M_07-S1-F0240,bbox_stress,M_07,1,240,BBOX-M_07-0235-0245,,PENDING,
STRESS-M_07-S1-F0247,bbox_stress,M_07,1,247,BBOX-M_07-0247-0247,,PENDING,
STRESS-M_20-S1-F0265,bbox_stress,M_20,1,265,BBOX-M_20-0264-0266,,PENDING,
STRESS-M_20-S1-F0270,bbox_stress,M_20,1,270,BBOX-M_20-0268-0272,,PENDING,
STRESS-M_24-S1-F0247,bbox_stress,M_24,1,247,BBOX-M_24-0247-0247,,PENDING,
STRESS-M_24-S1-F0320,bbox_stress,M_24,1,320,BBOX-M_24-0316-0323,,PENDING,
STRESS-M_24-S1-F0335,bbox_stress,M_24,1,335,BBOX-M_24-0333-0336,,PENDING,
STRESS-M_25-S1-F0248,bbox_stress,M_25,1,248,BBOX-M_25-0247-0248,,PENDING,
STRESS-M_25-S1-F0263,bbox_stress,M_25,1,263,BBOX-M_25-0262-0263,,PENDING,
STRESS-M_25-S1-F0270,bbox_stress,M_25,1,270,BBOX-M_25-0268-0271,,PENDING,
STRESS-M_25-S1-F0276,bbox_stress,M_25,1,276,BBOX-M_25-0276-0276,,PENDING,
CONTROL-F_01-S1-F0177,clean_control,F_01,1,177,clean_control,,PENDING,
CONTROL-F_01-S2-F0125,clean_control,F_01,2,125,clean_control,,PENDING,
CONTROL-M_01-S1-F0177,clean_control,M_01,1,177,clean_control,,PENDING,
CONTROL-M_01-S2-F0125,clean_control,M_01,2,125,clean_control,,PENDING,
