draw,rank1,margin_mean,eer,roc_auc
0,0.98,0.2248272020152586,0.02000000000000001,0.9965224489795919
1,0.99,0.22334281458099267,0.02000000000000001,0.9967673469387756
2,0.98,0.2230631605726532,0.02000000000000001,0.9970938775510204
3,0.98,0.2239073065500195,0.02000000000000001,0.996473469387755
4,0.98,0.2245683784557857,0.02000000000000001,0.9973795918367346
5,0.98,0.2221890316727912,0.02000000000000001,0.9966612244897959
6,0.98,0.22513510632747308,0.02000000000000001,0.9963755102040817
7,0.98,0.22830931239081867,0.02000000000000001,0.9969795918367347
8,0.98,0.22875875992814595,0.02000000000000001,0.997134693877551
9,0.99,0.22075260030877494,0.02000000000000001,0.9969795918367347
10,0.98,0.2262233062563202,0.02000000000000001,0.9972163265306122
11,0.99,0.22277304318382973,0.02000000000000001,0.9968897959183673
12,0.98,0.22686021337144535,0.02000000000000001,0.9970530612244898
13,0.98,0.22437635250283067,0.02000000000000001,0.9972897959183673
14,0.98,0.2248392578743866,0.02000000000000001,0.9960571428571429
15,0.99,0.22206078515344724,0.02000000000000001,0.9970530612244898
16,0.98,0.22441698382681394,0.02000000000000001,0.9968408163265305
17,0.98,0.22193240268784498,0.02000000000000001,0.996669387755102
18,0.99,0.2256590912192406,0.02000000000000001,0.9967183673469389
19,0.99,0.22274631182926466,0.02000000000000001,0.9973387755102041
