condition,rank1_identity_balanced,direction_rank1,margin_mean,margin_median,eer,roc_auc
A0_C0_B0,0.98,"[0.98, 0.98]",0.227687785966537,0.22683182013031206,0.02000000000000001,0.9968244897959183
A1,1.0,"[1.0, 1.0, 1.0, 1.0]",0.27469820838691483,0.2647160464066191,0.0,1.0
A2,1.0,"[1.0, 1.0, 1.0, 1.0]",0.2632111058572143,0.2561600452424785,0.0,1.0
B1,1.0,"[1.0, 1.0]",0.2161556974592273,0.21341069900735304,0.02000000000000001,0.9967755102040816
B2,0.96,"[0.96, 0.96]",0.10470909718044996,0.09879778597844577,0.02000000000000001,0.9965387755102041
C1,0.97,"[0.96, 0.98]",0.17191709527671037,0.1786425250527129,0.04000000000000002,0.9951102040816328
C3_uniform_B8,0.98,"[0.98, 0.98]",0.2315526567404047,0.2316840867578069,0.02000000000000001,0.9958775510204081
C3_contig_B8,0.95,"[0.96, 0.94]",0.17204540574166582,0.16411615132119797,0.042653061224489815,0.994595918367347
C3_uniform_B32,0.99,"[0.98, 1.0]",0.23066038921416634,0.22952337237573495,0.02000000000000001,0.9970122448979591
C3_contig_B32,0.94,"[0.9, 0.98]",0.19700124545669248,0.21621198727472882,0.04000000000000002,0.9938448979591837
