identity_id,within_cross_sequence_similarity,between_mean_for_query,between_max_for_query,within_minus_between_mean,within_minus_max_impostor
F_01,0.941195902376481,0.5058777911862925,0.6841061288372671,0.4353181111901885,0.2570897735392139
F_02,0.9464258504195983,0.474069536709261,0.6689020218941033,0.47235631371033726,0.27752382852549495
F_03,0.9645709706231193,0.5508993532380617,0.7950301993753452,0.41367161738505753,0.169540771247774
F_04,0.9556508718327649,0.3825859117273398,0.549888381476081,0.5730649601054251,0.4057624903566839
F_08,0.9475571067070692,0.5500305343211285,0.8118342322090928,0.3975265723859407,0.13572287449797638
F_09,0.9235003214292358,0.49625952506175364,0.7707811903886634,0.42724079636748213,0.15271913104057233
F_10,0.9504180496137058,0.5739230850898047,0.8003512905654777,0.3764949645239011,0.15006675904822808
F_13,0.9520050560481572,0.5685844705844826,0.758907008831808,0.38342058546367463,0.19309804721634927
F_14,0.956124734103423,0.5504878250188062,0.7626296994124434,0.4056369090846168,0.19349503469097962
F_16,0.957256174649137,0.5232061115943336,0.7435087819518913,0.4340500630548034,0.21374739269724574
F_17,0.9580024137495462,0.525838594175599,0.7586970710421255,0.4321638195739472,0.19930534270742073
F_18,0.9560416043333726,0.5692740236712769,0.819654452960248,0.3867675806620957,0.13638715137312463
F_19,0.9246915042973967,0.5680207760120851,0.7877050180318436,0.35667072828531154,0.1369864862655531
F_20,0.9272187348551977,0.5062550281718573,0.6696504746135087,0.4209637066833404,0.257568260241689
F_21,0.9526928183147769,0.5725877832397569,0.8305129407860503,0.38010503507502,0.12217987752872661
F_22,0.9394727534649288,0.44550503015151416,0.6542093448188646,0.4939677233134146,0.28526340864606414
F_23,0.9449815285496912,0.5345224396417856,0.7783874240868168,0.4104590889079056,0.16659410446287437
F_24,0.9357901611475334,0.5384898690340894,0.7319116141200286,0.3973002921134441,0.20387854702750485
F_25,0.9603052751371404,0.5921813333027873,0.7933512963954399,0.36812394183435304,0.16695397874170048
F_26,0.9390456157890384,0.5599659510715487,0.7605784839433591,0.3790796647174898,0.1784671318456793
F_27,0.9489859488363368,0.5737674733475493,0.7607862763515514,0.3752184754887875,0.18819967248478542
F_28,0.9450570922823259,0.5057335724695402,0.6833380447369539,0.4393235198127857,0.261719047545372
F_29,0.9284650337202086,0.4885905693314803,0.6563874304660191,0.4398744643887283,0.2720776032541895
F_30,0.948572709025953,0.5899345898945402,0.8058796870495588,0.35863811913141286,0.14269302197639422
F_31,0.9353588068186438,0.48740868431043055,0.6652677021562083,0.44795012250821326,0.27009110466243547
M_01,0.9515678551761575,0.45094884302847876,0.7717991976888839,0.5006190121476788,0.17976865748727355
M_02,0.9530644139877792,0.44677820882363256,0.6037040982360338,0.5062862051641466,0.3493603157517454
M_03,0.9348811127944785,0.5197712706773169,0.7043940611211748,0.4151098421171616,0.23048705167330374
M_04,0.9353846877115699,0.47865465612481917,0.7792464584829285,0.45673003158675074,0.1561382292286414
M_05,0.960226857813596,0.4983872570218635,0.7876876885569282,0.4618396007917325,0.1725391692566678
M_07,0.9354888855383705,0.504159663631032,0.7793456354941684,0.43132922190733847,0.15614325004420215
M_08,0.9493842373584414,0.5469994587929248,0.7333073130165894,0.4023847785655166,0.216076924341852
M_09,0.9515531689436731,0.42534136449017346,0.6594267946993452,0.5262118044534997,0.29212637424432797
M_10,0.9388922030471966,0.4841182404834795,0.6791762495913956,0.45477396256371705,0.259715953455801
M_11,0.9135546840664654,0.46344476231740395,0.6344575299527941,0.4501099217490615,0.2790971541136713
M_12,0.9302013729566327,0.4286312061350076,0.6464816012718397,0.5015701668216251,0.283719771684793
M_14,0.9325090711128294,0.4384969350248683,0.5876361218213824,0.49401213608796113,0.3448729492914471
M_15,0.9375613072814329,0.5146786047310573,0.6980887804646771,0.42288270255037563,0.2394725268167558
M_16,0.9389445514668437,0.5012834028263146,0.7247534380229754,0.4376611486405292,0.21419111344386832
M_17,0.9352098337409331,0.4421407288288129,0.6401514226222862,0.49306910491212025,0.29505841111864695
M_19,0.9298601669803339,0.5085550114898449,0.679932976647537,0.42130515549048897,0.24992719033279687
M_20,0.9555194331725362,0.4558646379543807,0.6971863433256451,0.4996547952181555,0.2583330898468911
M_21,0.6076928688547394,0.4917956320244228,0.6481690574527317,0.11589723683031661,-0.04047618859799229
M_24,0.9458535058318889,0.4160490240969664,0.5852532917961781,0.5298044817349225,0.36060021403571074
M_25,0.9394645419823678,0.4190885462565608,0.5937101904041775,0.5203759957258071,0.34575435157819034
M_26,0.9223459138626624,0.4520952666898874,0.596625046749278,0.470250647172775,0.32572086711338444
M_27,0.9475977589236244,0.5316138560963144,0.7215533406400113,0.41598390282731,0.2260444182836131
M_28,0.9358146899901428,0.49173251419794145,0.775988653231364,0.4440821757922014,0.15982603675877882
M_30,0.9433129788925312,0.47371689769070696,0.6262045999726862,0.4695960812018242,0.317108378919845
M_31,0.9437929555879045,0.5268710427405259,0.6951063845025718,0.4169219128473787,0.24868657108533276
