identity_id,condition,rank1_identity_balanced,margin_identity
F_01,A0_C0_B0,1.0,0.2444541271029405
F_02,A0_C0_B0,1.0,0.26992177505391307
F_03,A0_C0_B0,1.0,0.15179940054242147
F_04,A0_C0_B0,1.0,0.4022908784595279
F_08,A0_C0_B0,1.0,0.1414643453197839
F_09,A0_C0_B0,1.0,0.18591269567431667
F_10,A0_C0_B0,1.0,0.14432528822642055
F_13,A0_C0_B0,1.0,0.1749318547374576
F_14,A0_C0_B0,1.0,0.190047704206405
F_16,A0_C0_B0,1.0,0.23046689663008502
F_17,A0_C0_B0,1.0,0.200337689919435
F_18,A0_C0_B0,1.0,0.15555567036430523
F_19,A0_C0_B0,1.0,0.1452067912291098
F_20,A0_C0_B0,1.0,0.24450544521483525
F_21,A0_C0_B0,1.0,0.13992124823407914
F_22,A0_C0_B0,1.0,0.2902541165636064
F_23,A0_C0_B0,1.0,0.1737563401612749
F_24,A0_C0_B0,1.0,0.21134256756942976
F_25,A0_C0_B0,1.0,0.161036559091008
F_26,A0_C0_B0,1.0,0.16874288955656958
F_27,A0_C0_B0,1.0,0.15876558418043712
F_28,A0_C0_B0,1.0,0.2642266438686802
F_29,A0_C0_B0,1.0,0.2606831936915013
F_30,A0_C0_B0,1.0,0.14895721730345368
F_31,A0_C0_B0,1.0,0.2544807035618314
M_01,A0_C0_B0,1.0,0.17604502709025127
M_02,A0_C0_B0,1.0,0.34606627817114466
M_03,A0_C0_B0,1.0,0.1972934870395594
M_04,A0_C0_B0,1.0,0.15776713185442365
M_05,A0_C0_B0,1.0,0.1767101957880477
M_07,A0_C0_B0,1.0,0.15197222351282225
M_08,A0_C0_B0,1.0,0.21058397192378825
M_09,A0_C0_B0,1.0,0.30629522779436064
M_10,A0_C0_B0,1.0,0.27111036301848923
M_11,A0_C0_B0,1.0,0.2722813895225949
M_12,A0_C0_B0,1.0,0.28710001476225966
M_14,A0_C0_B0,1.0,0.3418359150000495
M_15,A0_C0_B0,1.0,0.22614019803760665
M_16,A0_C0_B0,1.0,0.22752344222301746
M_17,A0_C0_B0,1.0,0.31535954234527247
M_19,A0_C0_B0,1.0,0.26580914993019955
M_20,A0_C0_B0,1.0,0.2919415059331284
M_21,A0_C0_B0,0.0,-0.021909305967859227
M_24,A0_C0_B0,1.0,0.37965717373779867
M_25,A0_C0_B0,1.0,0.35133305081455224
M_26,A0_C0_B0,1.0,0.3449350962801325
M_27,A0_C0_B0,1.0,0.2480256053799037
M_28,A0_C0_B0,1.0,0.17193558119392544
M_30,A0_C0_B0,1.0,0.31891613146570186
M_31,A0_C0_B0,1.0,0.25627327501285013
F_01,A1,1.0,0.27615242447386246
F_02,A1,1.0,0.29348329049825683
F_03,A1,1.0,0.17665140728170511
F_04,A1,1.0,0.44076949979843305
F_08,A1,1.0,0.16746089139264989
F_09,A1,1.0,0.2299199573620465
F_10,A1,1.0,0.16697782984949275
F_13,A1,1.0,0.2198385108647897
F_14,A1,1.0,0.2352125526938197
F_16,A1,1.0,0.2600575724387095
F_17,A1,1.0,0.22511585679985532
F_18,A1,1.0,0.19780897401294942
F_19,A1,1.0,0.20980800555726065
F_20,A1,1.0,0.3011376892062275
F_21,A1,1.0,0.1760744055100796
F_22,A1,1.0,0.3318007713797748
F_23,A1,1.0,0.22128597063202865
F_24,A1,1.0,0.2638912563947109
F_25,A1,1.0,0.18492039125349843
F_26,A1,1.0,0.21709924257885355
F_27,A1,1.0,0.19732541601114453
F_28,A1,1.0,0.31482962048308755
F_29,A1,1.0,0.3104392051163775
F_30,A1,1.0,0.18504153615600719
F_31,A1,1.0,0.29160509923030875
M_01,A1,1.0,0.1982640369805473
M_02,A1,1.0,0.3908259187643746
M_03,A1,1.0,0.23060567172409407
M_04,A1,1.0,0.1974015599067094
M_05,A1,1.0,0.2010430475993113
M_07,A1,1.0,0.2007181343687361
M_08,A1,1.0,0.24487608689979248
M_09,A1,1.0,0.3398999502788618
M_10,A1,1.0,0.31181425216473463
M_11,A1,1.0,0.3451454348114935
M_12,A1,1.0,0.33177318795559513
M_14,A1,1.0,0.3937261586799866
M_15,A1,1.0,0.26491861862756627
M_16,A1,1.0,0.26451347418567195
M_17,A1,1.0,0.36090006037833455
M_19,A1,1.0,0.31309642737697085
M_20,A1,1.0,0.3136864633632202
M_21,A1,1.0,0.37337963081648734
M_24,A1,1.0,0.41671034301728055
M_25,A1,1.0,0.40391590981475184
M_26,A1,1.0,0.408291067810001
M_27,A1,1.0,0.27716785223643003
M_28,A1,1.0,0.20767849723383397
M_30,A1,1.0,0.35615523961263995
M_31,A1,1.0,0.29369601776238585
F_01,A2,1.0,0.2595622985315308
F_02,A2,1.0,0.28438049474977156
F_03,A2,1.0,0.17243190558729501
F_04,A2,1.0,0.4221681712502863
F_08,A2,1.0,0.16368598789866434
F_09,A2,1.0,0.22017760715975287
F_10,A2,1.0,0.1631225742142483
F_13,A2,1.0,0.21596401342610902
F_14,A2,1.0,0.22063733442254613
F_16,A2,1.0,0.25169412635875943
F_17,A2,1.0,0.21850874275882853
F_18,A2,1.0,0.18681885862140918
F_19,A2,1.0,0.1907306029408419
F_20,A2,1.0,0.28275072062701
F_21,A2,1.0,0.17038821586959393
F_22,A2,1.0,0.31904068246718026
F_23,A2,1.0,0.21126473834732076
F_24,A2,1.0,0.2466108442522152
F_25,A2,1.0,0.17765662555574374
F_26,A2,1.0,0.20236516347564887
F_27,A2,1.0,0.18560668959387971
F_28,A2,1.0,0.30290238272818415
F_29,A2,1.0,0.29443289737446343
F_30,A2,1.0,0.1764339900436614
F_31,A2,1.0,0.2862521796231937
M_01,A2,1.0,0.18752100042170505
M_02,A2,1.0,0.3788533866935414
M_03,A2,1.0,0.21593780681923497
M_04,A2,1.0,0.18547637490331598
M_05,A2,1.0,0.19753642801509327
M_07,A2,1.0,0.1964891915675935
M_08,A2,1.0,0.23963612980464113
M_09,A2,1.0,0.3292139553292722
M_10,A2,1.0,0.29707213833971546
M_11,A2,1.0,0.3344900747386527
M_12,A2,1.0,0.308214949651531
M_14,A2,1.0,0.3691310136276469
M_15,A2,1.0,0.2527577919534262
M_16,A2,1.0,0.26044898904400227
M_17,A2,1.0,0.3460358209758166
M_19,A2,1.0,0.296076382409228
M_20,A2,1.0,0.3081450668096394
M_21,A2,1.0,0.35313912382826895
M_24,A2,1.0,0.407122721632744
M_25,A2,1.0,0.38802749453942464
M_26,A2,1.0,0.39570808590518974
M_27,A2,1.0,0.2716620710236337
M_28,A2,1.0,0.19649674466506947
M_30,A2,1.0,0.3407467404830985
M_31,A2,1.0,0.2790279618010919
F_01,B1,1.0,0.1840032606558143
F_02,B1,1.0,0.24808375143920747
F_03,B1,1.0,0.14766079706593815
F_04,B1,1.0,0.36448887340179037
F_08,B1,1.0,0.1618896415093678
F_09,B1,1.0,0.17353271642463647
F_10,B1,1.0,0.15072860425441703
F_13,B1,1.0,0.13265229142212565
F_14,B1,1.0,0.15780249730817508
F_16,B1,1.0,0.26854842269891904
F_17,B1,1.0,0.11483891541143831
F_18,B1,1.0,0.13387481508771915
F_19,B1,1.0,0.16673923669560198
F_20,B1,1.0,0.26457073592587765
F_21,B1,1.0,0.14255130011817868
F_22,B1,1.0,0.22969735151740817
F_23,B1,1.0,0.1522938886992457
F_24,B1,1.0,0.18323988669790248
F_25,B1,1.0,0.18318967815521375
F_26,B1,1.0,0.15929220025112956
F_27,B1,1.0,0.21843449627501882
F_28,B1,1.0,0.22400823185562657
F_29,B1,1.0,0.19113831149351324
F_30,B1,1.0,0.13109703205603246
F_31,B1,1.0,0.2689718285812092
M_01,B1,1.0,0.21087542306855434
M_02,B1,1.0,0.33410633736564416
M_03,B1,1.0,0.1428776772297426
M_04,B1,1.0,0.16952453947822882
M_05,B1,1.0,0.18512715716875927
M_07,B1,1.0,0.17321536527348746
M_08,B1,1.0,0.2187666247580704
M_09,B1,1.0,0.2871784231255213
M_10,B1,1.0,0.2312605054276234
M_11,B1,1.0,0.2914059748851531
M_12,B1,1.0,0.29205131710297155
M_14,B1,1.0,0.3036372651346225
M_15,B1,1.0,0.19545595145575767
M_16,B1,1.0,0.21713283756303248
M_17,B1,1.0,0.3328796834681371
M_19,B1,1.0,0.17339951279768184
M_20,B1,1.0,0.2903408173431003
M_21,B1,1.0,0.016207638437101712
M_24,B1,1.0,0.35531207861921504
M_25,B1,1.0,0.32791548342427734
M_26,B1,1.0,0.36599174499828824
M_27,B1,1.0,0.21594597494615175
M_28,B1,1.0,0.24800847027438666
M_30,B1,1.0,0.24440156294196252
M_31,B1,1.0,0.23143774167238707
F_01,B2,1.0,0.08487883597470747
F_02,B2,1.0,0.1684962613232196
F_03,B2,1.0,0.09915038469420823
F_04,B2,1.0,0.09526561874234374
F_08,B2,1.0,0.33979118987055995
F_09,B2,1.0,0.16640281901857756
F_10,B2,1.0,0.08244376673448434
F_13,B2,1.0,0.09410714425743782
F_14,B2,1.0,0.10731661418123806
F_16,B2,1.0,0.10680323289455662
F_17,B2,1.0,0.10739145525268523
F_18,B2,1.0,0.13183481990891854
F_19,B2,1.0,0.12196560507287912
F_20,B2,1.0,0.15778086543641223
F_21,B2,1.0,0.07183432170109294
F_22,B2,1.0,0.029830022647156507
F_23,B2,1.0,0.07854495560655178
F_24,B2,1.0,0.07103367829036611
F_25,B2,1.0,0.11229760166994424
F_26,B2,1.0,0.09587794194167948
F_27,B2,1.0,0.17238856271874448
F_28,B2,1.0,0.1741427226759228
F_29,B2,1.0,0.08019699660720692
F_30,B2,1.0,0.07872597270807286
F_31,B2,1.0,0.19232657687875343
M_01,B2,1.0,0.09743978658381053
M_02,B2,1.0,0.1353338089045591
M_03,B2,1.0,0.11878454500729096
M_04,B2,1.0,0.06771899074728865
M_05,B2,1.0,0.07985147230355172
M_07,B2,1.0,0.11304247594162664
M_08,B2,1.0,0.12828893448417322
M_09,B2,1.0,0.12052818013626826
M_10,B2,1.0,0.15991431604781875
M_11,B2,0.5,-0.020981473285702046
M_12,B2,1.0,0.05782393132648156
M_14,B2,1.0,0.1264353032077804
M_15,B2,1.0,0.05719299960477986
M_16,B2,0.5,0.019628618097148665
M_17,B2,1.0,0.04917083033473241
M_19,B2,1.0,0.07977582971990721
M_20,B2,1.0,0.13048386464685346
M_21,B2,0.0,-0.08154351938416016
M_24,B2,1.0,0.0960173585885179
M_25,B2,1.0,0.09844518726268331
M_26,B2,1.0,0.12209702871834865
M_27,B2,1.0,0.10477217741085831
M_28,B2,1.0,0.2617163706951082
M_30,B2,1.0,0.03925879016736866
M_31,B2,1.0,0.05343108494768389
F_01,C1,1.0,0.08520781604859251
F_02,C1,1.0,0.049693974703009514
F_03,C1,1.0,0.14214269969736454
F_04,C1,1.0,0.3692987697950251
F_08,C1,0.5,0.016199608221956097
F_09,C1,1.0,0.17184120418647136
F_10,C1,0.5,0.037562199495198345
F_13,C1,0.5,-0.015935638621083437
F_14,C1,1.0,0.020480905809897254
F_16,C1,1.0,0.18300178770158781
F_17,C1,1.0,0.24636171900804
F_18,C1,1.0,0.07300498140828243
F_19,C1,1.0,0.10765891090440755
F_20,C1,1.0,0.32864848858270446
F_21,C1,1.0,0.18117688073093602
F_22,C1,1.0,0.12062284448263227
F_23,C1,1.0,0.14174710003879581
F_24,C1,1.0,0.2379476421537633
F_25,C1,1.0,0.022924251130358342
F_26,C1,1.0,0.017848872453423537
F_27,C1,1.0,0.21956459875749612
F_28,C1,1.0,0.23681176433593143
F_29,C1,1.0,0.24886245788108452
F_30,C1,1.0,0.09777510964958591
F_31,C1,1.0,0.22703327150141978
M_01,C1,1.0,0.1761081693744898
M_02,C1,1.0,0.31815708555153577
M_03,C1,1.0,0.2686481616309893
M_04,C1,1.0,0.04910349038324069
M_05,C1,1.0,0.07547043527449326
M_07,C1,1.0,0.17142214214776336
M_08,C1,1.0,0.20905807727896208
M_09,C1,1.0,0.2858345855732584
M_10,C1,1.0,0.27496420551937156
M_11,C1,1.0,0.19517111846024993
M_12,C1,1.0,0.2514818289789218
M_14,C1,1.0,0.20698491535639152
M_15,C1,1.0,0.1421505155177002
M_16,C1,1.0,0.23536848717005787
M_17,C1,1.0,0.3025157768640377
M_19,C1,1.0,0.1404031742452016
M_20,C1,1.0,0.2205830358162969
M_21,C1,1.0,0.037693901181751976
M_24,C1,1.0,0.18970367410774522
M_25,C1,1.0,0.1697666718287938
M_26,C1,1.0,0.34243465159821335
M_27,C1,1.0,0.16996003188276076
M_28,C1,1.0,0.036837679761744846
M_30,C1,1.0,0.3268520873189626
M_31,C1,1.0,0.23169864095570247
F_01,C3_uniform_B8,1.0,0.23483265248354024
F_02,C3_uniform_B8,1.0,0.26529608749470646
F_03,C3_uniform_B8,1.0,0.1591611683397719
F_04,C3_uniform_B8,1.0,0.4037755205893979
F_08,C3_uniform_B8,1.0,0.1490222267103667
F_09,C3_uniform_B8,1.0,0.19543452252612664
F_10,C3_uniform_B8,1.0,0.1480048407572565
F_13,C3_uniform_B8,1.0,0.1832450123195274
F_14,C3_uniform_B8,1.0,0.20287816852594787
F_16,C3_uniform_B8,1.0,0.22528324674110822
F_17,C3_uniform_B8,1.0,0.20551057564280673
F_18,C3_uniform_B8,1.0,0.15351245492360988
F_19,C3_uniform_B8,1.0,0.155666661855418
F_20,C3_uniform_B8,1.0,0.2471175348819888
F_21,C3_uniform_B8,1.0,0.15056162318589572
F_22,C3_uniform_B8,1.0,0.28914543591927866
F_23,C3_uniform_B8,1.0,0.17668606771328293
F_24,C3_uniform_B8,1.0,0.2371295828302084
F_25,C3_uniform_B8,1.0,0.15430867009808785
F_26,C3_uniform_B8,1.0,0.17717002159847972
F_27,C3_uniform_B8,1.0,0.16800099269048663
F_28,C3_uniform_B8,1.0,0.27286944213419095
F_29,C3_uniform_B8,1.0,0.27193680170067397
F_30,C3_uniform_B8,1.0,0.14747871178498184
F_31,C3_uniform_B8,1.0,0.25402134657444636
M_01,C3_uniform_B8,1.0,0.1723787471242778
M_02,C3_uniform_B8,1.0,0.3502073686126403
M_03,C3_uniform_B8,1.0,0.20448649258680635
M_04,C3_uniform_B8,1.0,0.16204403970616305
M_05,C3_uniform_B8,1.0,0.17892511900066238
M_07,C3_uniform_B8,1.0,0.15544707618575287
M_08,C3_uniform_B8,1.0,0.2243875598144069
M_09,C3_uniform_B8,1.0,0.3134604612184342
M_10,C3_uniform_B8,1.0,0.2645105800274014
M_11,C3_uniform_B8,1.0,0.29304516983982776
M_12,C3_uniform_B8,1.0,0.29516806114147953
M_14,C3_uniform_B8,1.0,0.34583251312960167
M_15,C3_uniform_B8,1.0,0.23614678245018988
M_16,C3_uniform_B8,1.0,0.22853552103207359
M_17,C3_uniform_B8,1.0,0.31847148076718385
M_19,C3_uniform_B8,1.0,0.2699658105781796
M_20,C3_uniform_B8,1.0,0.3005999176223748
M_21,C3_uniform_B8,0.0,-0.03678818355353802
M_24,C3_uniform_B8,1.0,0.36055538441774093
M_25,C3_uniform_B8,1.0,0.33808089411723896
M_26,C3_uniform_B8,1.0,0.35677267365173315
M_27,C3_uniform_B8,1.0,0.26191302138749306
M_28,C3_uniform_B8,1.0,0.17235289310919605
M_30,C3_uniform_B8,1.0,0.32241269490957636
M_31,C3_uniform_B8,1.0,0.26067138812175283
F_01,C3_contig_B8,1.0,0.25089797486493937
F_02,C3_contig_B8,1.0,0.13450453685520286
F_03,C3_contig_B8,1.0,0.09331276434864333
F_04,C3_contig_B8,1.0,0.2876716717566309
F_08,C3_contig_B8,1.0,0.08509154016679404
F_09,C3_contig_B8,1.0,0.1113340752284091
F_10,C3_contig_B8,0.5,0.04127314847596353
F_13,C3_contig_B8,1.0,0.07099450312016953
F_14,C3_contig_B8,1.0,0.25543639066488816
F_16,C3_contig_B8,1.0,0.2584617625709329
F_17,C3_contig_B8,1.0,0.23921728784047863
F_18,C3_contig_B8,1.0,0.07712995243196186
F_19,C3_contig_B8,0.5,-0.003379559132219989
F_20,C3_contig_B8,1.0,0.10615795995176319
F_21,C3_contig_B8,1.0,0.10942945045412189
F_22,C3_contig_B8,1.0,0.14499761700055414
F_23,C3_contig_B8,1.0,0.1393749593872753
F_24,C3_contig_B8,1.0,0.13625637486072661
F_25,C3_contig_B8,1.0,0.08131980226724222
F_26,C3_contig_B8,1.0,0.034228819166770896
F_27,C3_contig_B8,1.0,0.19735984507219262
F_28,C3_contig_B8,1.0,0.31857735000242926
F_29,C3_contig_B8,1.0,0.13025609845306418
F_30,C3_contig_B8,1.0,0.04281645014191238
F_31,C3_contig_B8,1.0,0.30850773079323646
M_01,C3_contig_B8,1.0,0.14154915091430864
M_02,C3_contig_B8,1.0,0.2821919943718898
M_03,C3_contig_B8,1.0,0.22765029144675414
M_04,C3_contig_B8,1.0,0.17013233219690965
M_05,C3_contig_B8,1.0,0.2060776452424048
M_07,C3_contig_B8,0.5,-0.020841588135488975
M_08,C3_contig_B8,1.0,0.24906092507665956
M_09,C3_contig_B8,1.0,0.3732315791526906
M_10,C3_contig_B8,1.0,0.24362868646748903
M_11,C3_contig_B8,1.0,0.11902400339397784
M_12,C3_contig_B8,1.0,0.2185444368673859
M_14,C3_contig_B8,1.0,0.17849849332808537
M_15,C3_contig_B8,0.5,0.018655941729838588
M_16,C3_contig_B8,1.0,0.29108196327653296
M_17,C3_contig_B8,1.0,0.3726018138787763
M_19,C3_contig_B8,1.0,0.19719932777795401
M_20,C3_contig_B8,1.0,0.21241799032492276
M_21,C3_contig_B8,0.5,-0.0015345943640313608
M_24,C3_contig_B8,1.0,0.2365041623004258
M_25,C3_contig_B8,1.0,0.20138304755453096
M_26,C3_contig_B8,1.0,0.31357472095920536
M_27,C3_contig_B8,1.0,0.2507513595694588
M_28,C3_contig_B8,1.0,0.15588508211556984
M_30,C3_contig_B8,1.0,0.1580999704454863
M_31,C3_contig_B8,1.0,0.155673044447471
F_01,C3_uniform_B32,1.0,0.24632793248049756
F_02,C3_uniform_B32,1.0,0.2706917249791463
F_03,C3_uniform_B32,1.0,0.1566777236576961
F_04,C3_uniform_B32,1.0,0.4112938782626939
F_08,C3_uniform_B32,1.0,0.14405593051318544
F_09,C3_uniform_B32,1.0,0.18820765877751017
F_10,C3_uniform_B32,1.0,0.14522675844269883
F_13,C3_uniform_B32,1.0,0.17465876912394573
F_14,C3_uniform_B32,1.0,0.1968613345308231
F_16,C3_uniform_B32,1.0,0.23373363724419083
F_17,C3_uniform_B32,1.0,0.20015660569613047
F_18,C3_uniform_B32,1.0,0.15564219721521988
F_19,C3_uniform_B32,1.0,0.14928702502872632
F_20,C3_uniform_B32,1.0,0.2532669705018947
F_21,C3_uniform_B32,1.0,0.14340809311747865
F_22,C3_uniform_B32,1.0,0.2937252593825977
F_23,C3_uniform_B32,1.0,0.17720068506559483
F_24,C3_uniform_B32,1.0,0.2132741337004075
F_25,C3_uniform_B32,1.0,0.15915567571729056
F_26,C3_uniform_B32,1.0,0.17436592011740115
F_27,C3_uniform_B32,1.0,0.15772811352790217
F_28,C3_uniform_B32,1.0,0.26613843787392855
F_29,C3_uniform_B32,1.0,0.26785619039994557
F_30,C3_uniform_B32,1.0,0.1529702047505866
F_31,C3_uniform_B32,1.0,0.25279532412774436
M_01,C3_uniform_B32,1.0,0.17889855974140179
M_02,C3_uniform_B32,1.0,0.35340475302728397
M_03,C3_uniform_B32,1.0,0.19984740256638828
M_04,C3_uniform_B32,1.0,0.16125781828742775
M_05,C3_uniform_B32,1.0,0.17662003938897008
M_07,C3_uniform_B32,1.0,0.1592963434547886
M_08,C3_uniform_B32,1.0,0.21210153477892457
M_09,C3_uniform_B32,1.0,0.3077391316243001
M_10,C3_uniform_B32,1.0,0.27598355382241624
M_11,C3_uniform_B32,1.0,0.2759572145872092
M_12,C3_uniform_B32,1.0,0.2952177282242758
M_14,C3_uniform_B32,1.0,0.34659116274224255
M_15,C3_uniform_B32,1.0,0.22879040628970648
M_16,C3_uniform_B32,1.0,0.2302563384617634
M_17,C3_uniform_B32,1.0,0.3173216385120384
M_19,C3_uniform_B32,1.0,0.2721914002783773
M_20,C3_uniform_B32,1.0,0.29213708883048867
M_21,C3_uniform_B32,0.5,-0.01382240408597446
M_24,C3_uniform_B32,1.0,0.3761899315094888
M_25,C3_uniform_B32,1.0,0.35219856387142134
M_26,C3_uniform_B32,1.0,0.3486107564913341
M_27,C3_uniform_B32,1.0,0.24913997070121996
M_28,C3_uniform_B32,1.0,0.17388568391220754
M_30,C3_uniform_B32,1.0,0.31886158183559843
M_31,C3_uniform_B32,1.0,0.25963707761978216
F_01,C3_contig_B32,1.0,0.2222639486019028
F_02,C3_contig_B32,1.0,0.15181538477859507
F_03,C3_contig_B32,0.5,0.009936434979542275
F_04,C3_contig_B32,1.0,0.3203695093709515
F_08,C3_contig_B32,1.0,0.058138584150710604
F_09,C3_contig_B32,1.0,0.22526254046021243
F_10,C3_contig_B32,1.0,0.1614271880655732
F_13,C3_contig_B32,1.0,0.20473946116392494
F_14,C3_contig_B32,0.5,-0.00454621553484158
F_16,C3_contig_B32,1.0,0.21574068319313117
F_17,C3_contig_B32,1.0,0.2537494587453522
F_18,C3_contig_B32,1.0,0.06906072378994516
F_19,C3_contig_B32,1.0,0.18021627501288934
F_20,C3_contig_B32,1.0,0.2922657083925846
F_21,C3_contig_B32,1.0,0.17190879244337653
F_22,C3_contig_B32,1.0,0.29664024279984297
F_23,C3_contig_B32,1.0,0.18470196596431315
F_24,C3_contig_B32,1.0,0.24580952915409982
F_25,C3_contig_B32,1.0,0.19367871170939027
F_26,C3_contig_B32,1.0,0.09703223834331454
F_27,C3_contig_B32,1.0,0.20170772375925689
F_28,C3_contig_B32,1.0,0.3223019298303329
F_29,C3_contig_B32,1.0,0.27509111860247804
F_30,C3_contig_B32,1.0,0.05522857102748868
F_31,C3_contig_B32,1.0,0.06822160809034844
M_01,C3_contig_B32,1.0,0.24401700495524914
M_02,C3_contig_B32,1.0,0.30828995739069337
M_03,C3_contig_B32,1.0,0.26582387519192574
M_04,C3_contig_B32,0.5,-0.08862498818678172
M_05,C3_contig_B32,1.0,0.2007769233108022
M_07,C3_contig_B32,1.0,0.12084327530185729
M_08,C3_contig_B32,1.0,0.19683748485015545
M_09,C3_contig_B32,1.0,0.3047923004427304
M_10,C3_contig_B32,1.0,0.3098985683250117
M_11,C3_contig_B32,1.0,0.26069084924437497
M_12,C3_contig_B32,1.0,0.30321622961897104
M_14,C3_contig_B32,1.0,0.2450290952486489
M_15,C3_contig_B32,1.0,0.2617663147623857
M_16,C3_contig_B32,1.0,0.13340867977017262
M_17,C3_contig_B32,1.0,0.3081680892466197
M_19,C3_contig_B32,1.0,0.17006148139146288
M_20,C3_contig_B32,1.0,0.21668329135632647
M_21,C3_contig_B32,0.0,-0.011884153388483032
M_24,C3_contig_B32,1.0,0.2676846841430942
M_25,C3_contig_B32,1.0,0.3586232784403275
M_26,C3_contig_B32,1.0,0.2910002302550241
M_27,C3_contig_B32,1.0,0.19677410019605956
M_28,C3_contig_B32,0.5,-0.005765002529046437
M_30,C3_contig_B32,1.0,0.2865121071384263
M_31,C3_contig_B32,1.0,0.23267647946389858
F_01,C2_mean_20_draws,1.0,0.2346794790030315
F_02,C2_mean_20_draws,1.0,0.26547274805029314
F_03,C2_mean_20_draws,1.0,0.15551372298754546
F_04,C2_mean_20_draws,1.0,0.397377428879237
F_08,C2_mean_20_draws,1.0,0.14337627184166052
F_09,C2_mean_20_draws,1.0,0.1876365936988892
F_10,C2_mean_20_draws,1.0,0.1400138781819735
F_13,C2_mean_20_draws,1.0,0.17303959926696166
F_14,C2_mean_20_draws,1.0,0.18868949391971168
F_16,C2_mean_20_draws,1.0,0.23137936654882774
F_17,C2_mean_20_draws,1.0,0.19765889910558943
F_18,C2_mean_20_draws,1.0,0.1538402933980476
F_19,C2_mean_20_draws,1.0,0.14055439931942654
F_20,C2_mean_20_draws,1.0,0.24070816899771613
F_21,C2_mean_20_draws,1.0,0.14047683246547932
F_22,C2_mean_20_draws,1.0,0.28700506983257734
F_23,C2_mean_20_draws,1.0,0.17194412964802297
F_24,C2_mean_20_draws,1.0,0.20739326288576873
F_25,C2_mean_20_draws,1.0,0.1580758921272824
F_26,C2_mean_20_draws,1.0,0.16729903003095417
F_27,C2_mean_20_draws,1.0,0.15292812879713033
F_28,C2_mean_20_draws,1.0,0.2632516408853134
F_29,C2_mean_20_draws,1.0,0.24512117466150815
F_30,C2_mean_20_draws,1.0,0.14806514203641674
F_31,C2_mean_20_draws,1.0,0.2499488507983969
M_01,C2_mean_20_draws,1.0,0.17397452245523604
M_02,C2_mean_20_draws,1.0,0.34151305805013965
M_03,C2_mean_20_draws,1.0,0.18688809148962418
M_04,C2_mean_20_draws,1.0,0.15039540352656158
M_05,C2_mean_20_draws,1.0,0.18437816747315178
M_07,C2_mean_20_draws,1.0,0.15514855373959566
M_08,C2_mean_20_draws,1.0,0.20401404204768311
M_09,C2_mean_20_draws,1.0,0.3030651400618672
M_10,C2_mean_20_draws,1.0,0.26985925188754056
M_11,C2_mean_20_draws,1.0,0.27062386178773284
M_12,C2_mean_20_draws,1.0,0.2877924369728295
M_14,C2_mean_20_draws,1.0,0.33636276428140605
M_15,C2_mean_20_draws,1.0,0.22766130443488453
M_16,C2_mean_20_draws,1.0,0.22718227830953858
M_17,C2_mean_20_draws,1.0,0.30650578550142427
M_19,C2_mean_20_draws,1.0,0.26063866550878434
M_20,C2_mean_20_draws,1.0,0.29153032382413246
M_21,C2_mean_20_draws,0.15,-0.021686548180426424
M_24,C2_mean_20_draws,1.0,0.36211997167734616
M_25,C2_mean_20_draws,1.0,0.3368188685014534
M_26,C2_mean_20_draws,1.0,0.33965429558944993
M_27,C2_mean_20_draws,1.0,0.24944614938365928
M_28,C2_mean_20_draws,1.0,0.166565739168869
M_30,C2_mean_20_draws,1.0,0.31406474082388425
M_31,C2_mean_20_draws,1.0,0.2508871860862148
